"additional_cov_activation_index_enqueued_count","additional_cov_enqueued_count","additional_cov_generated_count","additional_cov_integration_mode","additional_cov_seen_reserved_count","additional_cov_sub_pop_count","additional_cov_valid_novel_count","algorithm","baseline_nodes","baseline_path_length","baseline_solved_at_50k","bin","canonical_start","cov_activation_score_name","cov_blocked_by_additional_cov_seen_count","cov_candidate_count","cov_enqueue_rate","cov_enqueued_count","cov_expansion_count","cov_move_count","cov_pop_count","cov_pop_fraction","cov_preference_threshold","cov_queue_distance_blocked_count","cov_queue_eligible_count","cov_queue_fraction","cov_queue_size","cov_queued_count","cov_required_length_advantage","cov_required_replacements_sequence","cov_subword_sequence","cov_valid_candidate_count","cov_valid_rate","cov_variant","elapsed_seconds","elementary_automorphism_move_count","elementary_automorphism_moves_in_path","elementary_automorphisms_enabled","enqueued_state_count","expanded_state_count","final_depth","final_state","final_total_length","first_cov_subword","first_cov_target","frontier_peak_live_state_count","frontier_prune_count","frontier_states_pruned","initial_cov_seed_enqueued_count","label","max_live_frontier_states","min_standard_moves_between_cov","nodes_delta_vs_baseline","outer_iterations","outer_tie_strategy","path","path_delta_vs_baseline","path_length","presentation_index","queue_policy","queue_score_name","queue_size","r1","r2","seed_initial_additional_cov_moves","seed_initial_cov_neighbors","solved","solved_trivial","source","standard_blocked_by_additional_cov_seen_count","standard_enqueue_rate","standard_enqueued_count","standard_generated_count","standard_move_count","start_total_length","sub_expanded_count","sub_pop_count","sub_queue_size","termination_reason","total_nodes_used"
"0","0","0","full","0","0","0","triple_gs_auto_cov_complete_cov_compact_cpp","null","null","","","(YXyXYx, YYYXXXX)","total_length","0","1205098","0.5508547852539794","663834","57454","0","57454","0.057454","2","0","932851","0.33752575117473166","875397","932852","3","","","1205098","1","auto_cov_plus_complete_cov","1869.411","24","0","true","51776365","1000000","0","(YXyXYx, YYYXXXX)","13","null","null","5000084","20","50000688","24","13_1","5000000","0","null","1000000","deepest","(YXyXYx, YYYXXXX)","null","0","0","sub_auto_complete_adjusted_length","total_length","2593571","YXyXYx","YYYXXXX","false","true","false","false","","0","0.532121855363625","51107965","96045604","0","13","932852","932852","842825","node_budget_exhausted","1000000"
"0","0","0","full","0","0","0","triple_gs_auto_cov_complete_cov_compact_cpp","null","null","","","(YYXyXyx, YYxxxxyX)","total_length","0","1039398","0.5720994267835805","594639","54523","0","54523","0.054523","2","0","939543","0.23905929995294556","885020","939544","3","","","1039398","1","auto_cov_plus_complete_cov","406.727","24","0","true","55372322","1000000","0","(YYXyXyx, YYxxxxyX)","15","null","null","5000065","21","52500724","24","15_1","5000000","0","null","1000000","deepest","(YYXyXyx, YYxxxxyX)","null","0","1","sub_auto_complete_adjusted_length","total_length","3702094","YYXyXyx","YYxxxxyX","false","true","false","false","","0","0.5298691140146153","54774658","103373940","0","15","939544","939544","1932054","node_budget_exhausted","1000000"
"0","0","0","full","0","0","0","triple_gs_auto_cov_complete_cov_compact_cpp","null","null","","","(YYXyXyx, YYxxxxxyX)","total_length","0","1447919","0.5770543794231583","835528","84843","0","84843","0.084843","2","0","909256","0.16838053728148558","824413","909257","3","","","1447919","1","auto_cov_plus_complete_cov","535.241","24","0","true","59157228","1000000","0","(YYXyXyx, YYxxxxxyX)","16","null","null","5000070","22","55000667","24","16_1","5000000","0","null","1000000","deepest","(YYXyXyx, YYxxxxxyX)","null","0","2","sub_auto_complete_adjusted_length","total_length","4896130","YYXyXyx","YYxxxxxyX","false","true","false","false","","0","0.5443140882504143","58318617","107141480","0","16","909257","909257","3247304","node_budget_exhausted","1000000"
"0","0","0","full","0","0","0","triple_gs_auto_cov_complete_cov_compact_cpp","null","null","","","(YXYXyxx, YYYYYxyXyX)","total_length","0","1236467","0.5523794812154308","682999","77556","0","77556","0.077556","2","0","918429","0.251199501946418","840873","918430","3","","","1236467","1","auto_cov_plus_complete_cov","583.136","24","0","true","65085250","1000000","0","(YXYXyxx, YYYYYxyXyX)","17","null","null","5000113","25","62501135","22","17_1","5000000","0","null","1000000","deepest","(YXYXyxx, YYYYYxyXyX)","null","0","3","sub_auto_complete_adjusted_length","total_length","3347431","YXYXyxx","YYYYYxyXyX","false","true","false","false","","0","0.5506005235218833","64399584","116962446","0","17","918430","918430","1665685","node_budget_exhausted","1000000"
"0","0","0","full","0","0","0","triple_gs_auto_cov_complete_cov_compact_cpp","null","null","","","(YYYXyyx, YXXYxxx)","total_length","0","2763344","0.5386781377924718","1488553","144711","0","144711","0.144711","2","0","827168","0.14077922549425903","682457","827169","3","","","2763344","1","auto_cov_plus_complete_cov","569.518","24","0","true","54310563","1000000","0","(YYYXyyx, YXXYxxx)","14","null","null","5000077","20","50000573","24","14_1","5000000","0","null","1000000","deepest","(YYYXyyx, YXXYxxx)","null","0","4","sub_auto_complete_adjusted_length","total_length","4847711","YYYXyyx","YXXYxxx","false","true","false","false","","0","0.5467113783670722","52806243","96588886","0","14","827169","827169","3482821","node_budget_exhausted","1000000"
"0","0","0","full","0","0","0","triple_gs_auto_cov_complete_cov_compact_cpp","null","null","","","(YYYxyyX, YXXyxxx)","total_length","0","1216256","0.5707786847505788","694213","64191","0","64191","0.064191","2","0","926782","0.2637400974130208","862591","926783","3","","","1216256","1","auto_cov_plus_complete_cov","397.791","24","0","true","54972890","1000000","0","(YYYxyyX, YXXyxxx)","14","null","null","5000057","21","52500679","24","14_2","5000000","0","null","1000000","deepest","(YYYxyyX, YXXyxxx)","null","0","5","sub_auto_complete_adjusted_length","total_length","3270610","YYYxyyX","YXXyxxx","false","true","false","false","","0","0.5231065755716335","54274204","103753626","0","14","926783","926783","1545428","node_budget_exhausted","1000000"
"0","0","0","full","0","0","0","triple_gs_auto_cov_complete_cov_compact_cpp","null","null","","","(YXXXyxx, YYYXXyyX)","total_length","0","2036001","0.5467683954968587","1113221","113356","0","113356","0.113356","2","0","862849","0.25437118651776","749493","862850","3","","","2036001","1","auto_cov_plus_complete_cov","605.7","24","0","true","64811407","1000000","0","(YXXXyxx, YYYXXyyX)","15","null","null","5000097","25","62501089","24","15_2","5000000","0","null","1000000","deepest","(YXXXyxx, YYYXXyyX)","null","0","6","sub_auto_complete_adjusted_length","total_length","2946454","YXXXyxx","YYYXXyyX","false","true","false","false","","0","0.5478513495899464","63685677","116246272","0","15","862850","862850","1447468","node_budget_exhausted","1000000"
"0","0","0","full","0","0","0","triple_gs_auto_cov_complete_cov_compact_cpp","null","null","","","(YYYXyyx, YXXYxxYx)","total_length","0","1845837","0.5460151681865734","1007855","101224","0","101224","0.101224","2","0","875291","0.3006580501022304","774067","875292","3","","","1845837","1","auto_cov_plus_complete_cov","591.501","24","0","true","66902749","1000000","0","(YYYXyyx, YXXYxxYx)","15","null","null","5000082","26","65001015","24","15_3","5000000","0","null","1000000","deepest","(YYYXyyx, YXXYxxYx)","null","0","7","sub_auto_complete_adjusted_length","total_length","2574576","YYYXyyx","YXXYxxYx","false","true","false","false","","0","0.5475051766789015","65881322","120330044","0","15","875292","875292","1026442","node_budget_exhausted","1000000"
"0","0","0","full","0","0","0","triple_gs_auto_cov_complete_cov_compact_cpp","null","null","","","(YYYXyyx, YXyXyxxx)","total_length","0","1973134","0.5496915060000993","1084615","109302","0","109302","0.109302","2","0","870499","0.15462900572873065","761197","870500","3","","","1973134","1","auto_cov_plus_complete_cov","595.294","24","0","true","64271689","1000000","0","(YYYXyyx, YXyXyxxx)","15","null","null","5000094","24","60000852","24","15_4","5000000","0","null","1000000","deepest","(YYYXyyx, YXyXyxxx)","null","0","8","sub_auto_complete_adjusted_length","total_length","4922731","YYYXyyx","YXyXyxxx","false","true","false","false","","0","0.54342496498799","63176316","116255822","0","15","870500","870500","3400337","node_budget_exhausted","1000000"
"0","0","0","full","0","0","0","triple_gs_auto_cov_complete_cov_compact_cpp","null","null","","","(YYYXyyx, YXyXXyxx)","total_length","0","2558600","0.5560783240834831","1422782","139779","0","139779","0.139779","2","0","841152","0.15867654055536212","701373","841153","3","","","2558600","1","auto_cov_plus_complete_cov","649.01","24","0","true","56359182","1000000","0","(YYYXyyx, YXyXXyxx)","15","null","null","5000067","21","52500632","24","15_5","5000000","0","null","1000000","deepest","(YYYXyyx, YXyXXyxx)","null","0","9","sub_auto_complete_adjusted_length","total_length","4420143","YYYXyyx","YXyXXyxx","false","true","false","false","","0","0.5398606628035955","54926794","101742538","0","15","841153","841153","3017397","node_budget_exhausted","1000000"
"0","0","0","full","0","0","0","triple_gs_auto_cov_complete_cov_compact_cpp","null","null","","","(YYYXyyX, YXXXXyxxx)","total_length","0","1724522","0.5373286046800215","926635","99623","1","99623","0.099623","2","0","889508","0.18268846480491582","789885","889509","3","2","XX","1724522","1","auto_cov_plus_complete_cov","600.743","24","14","true","66134273","1000000","75","(YYxyXyX, YYXXyxxx)","15","XX","x","5000065","25","62500862","22","16_2","5000000","0","null","1000000","deepest","(YYYXyyX, YXXXXyxxx) -> (YYYXyyX, YYYXyXXXXyxx) -> (YYYXyyX, YYYXYXyXXXXyx) -> (YYYXyyX, YYXYXYXyXXXX) -> (YYYxyyx, YYxxxyxYxYxYx) -> (YYYxyyx, YYYXyxxxyxYxYx) -> (YYYxyyx, YYYXXyxxxyxYx) -> (YYYxyyx, YYYXXXyxxxyx) -> (YYYxyyx, YXXXXyxxx) -> (YXXXXyxxx, YXYXYxyxyx) -> (YXXYxxx, YXyXyXyXyxYxYx) -> (YXXYxxx, YXYxYxYXyXyXyxx) -> (YXXYxxx, YYXYxYxYXyXyxx) -> (YXXYxxx, YYYXYxYxYXyxx) -> (YXXYxxx, YYYYXYxYxYxx) -> (YXXXYxx, YYYxYXYXYXYXX) -> (YXXXYxx, YYYXyxxYXYXYXX) -> (YXXXYxx, YYYXyyxxYXYXX) -> (YXXXYxx, YYYXyyyxxYXX) -> (YXXXYxx, YYYYxyyyX) -> (YYYYxyyyX, YXyXyXYxYx) -> (YYYXyyX, YXYXYXYxyxyxyX) -> (YYYXyyX, YYxyxyXYXYXYXyX) -> (YYYXyyX, YYxyXYXYXYXyXX) -> (YYYXyyX, YYXYXYXYXyXXX) -> (YYYXyyX, YYXYXYXyyxYXXX) -> (YYYXyyX, YYXYXyyxxYXXX) -> (YYYXyyX, YYXyyxxxYXXX) -> (YYYXyyX, YXXXyxxxx) -> (YYYXyyX, YYYxxyXXXXyX) -> (YYYXyyX, YYYxyXXXXyXYX) -> (YYYXyyX, YYXXXXyXYXYX) -> (YYYxyyx, YYxYxYxYxyxxx) -> (YYYxyyx, YYXyXyXyyXXXyx) -> (YYYxyyx, YYXyXyyXXXyxx) -> (YYYxyyx, YYXyyXXXyxxx) -> (YYYxyyx, YXXXyxxxx) -> (YXXXyxxxx, YXYXYxyxyx) -> (YXXYxxx, YXyXyXyxYxYxYx) -> (YXXYxxx, YXYxYxYxYXyXyxx) -> (YXXYxxx, YYXYxYxYxYXyxx) -> (YXXYxxx, YYYXYxYxYxYxx) -> (YXXYxxx, YYYXYxYxYxxxyX) -> (YXXYxxx, YYYXYxYxxxyyX) -> (YXXYxxx, YYYXYxxxyyyX) -> (YXXYxxx, YYYYXyyyx) -> (YXXYxxx, YYYYxxYXXyyx) -> (YXXYxxx, YYYYxxYxYXXyx) -> (YXXYxxx, YYYYxxYxYxYX) -> (YXXXYxx, YYYXXYXYXYXYx) -> (YXXXYxx, YYYXXYXYXYxxyX) -> (YXXXYxx, YYYXXYXYxxyyX) -> (YXXXYxx, YYYXXYxxyyyX) -> (YXXXYxx, YYYYXyyyx) -> (YXXXYxx, YYYYxYXXXyyx) -> (YXXXYxx, YYYYxYXYXXXyx) -> (YXXXYxx, YYYYxYXYXYXX) -> (YXXXYxx, YYYxYXYXYxyXX) -> (YXXXYxx, YYYxYXYxxyXyXX) -> (YXXXYxx, YYYxYxxyyXyXX) -> (YXXXXYx, YYXYXXyyxyxyxx) -> (YXXXXYx, YYXYXXyyxyxxYXX) -> (YXXXXYx, YYXYXXyyxxYXXYXX) -> (YYxyxYYxx, YYxxxYxYxyXXYxx) -> (YYxyxYYxx, YXyXyXXyxYxx) -> (YYXYxyyX, YYXXYxyxYXX) -> (YYXYxyyX, YYXyyxYxYXX) -> (YYXYxyyX, YYXyxYxYXXX) -> (YYXYxyyX, YYYxYXXXX) -> (YYXyxyx, YYYxYXyXyXyX) -> (YYXyxyx, YYxYXyXyXYXyx) -> (YYXyxyx, YYxYXyXYXyyx) -> (YYXyxyx, YYYxyxyXyyX) -> (YYXyxyx, YYxyxyXXyx) -> (YYXyxyx, YXYXXyxxx) -> (YYxyXyX, YYXXyxxx)","null","75","10","sub_auto_complete_adjusted_length","total_length","4323672","YYYXyyX","YXXXXyxxx","false","true","false","false","","0","0.540345767231179","65201505","120666264","60","16","889509","889509","2743902","node_budget_exhausted","1000000"
"0","0","0","full","0","0","0","triple_gs_auto_cov_complete_cov_compact_cpp","null","null","","","(YYYXyyx, YXXXXyxxx)","total_length","0","1665664","0.5717989942749558","952425","97763","1","97763","0.097763","2","0","896340","0.16099248781178188","778068","896341","3","2","YY","1665664","1","auto_cov_plus_complete_cov","580.79","24","45","true","59132884","1000000","221","(YYXyxyX, YYxxxyxx)","15","YY","y","5000079","22","55000751","24","16_3","5000000","0","null","1000000","deepest","(YYYXyyx, YXXXXyxxx) -> (YYYXyyx, YYXyyXXYxxxx) -> (YYYXyyx, YYXYXyyXYxxxx) -> (YYYXyyx, YYXYXYXyxxxx) -> (YYYXyyx, YYxyXYXYXyxxx) -> (YYYXyyx, YYXyXYXyxxxYYx) -> (YYYXyyx, YYYYxyXyXYXyxxx) -> (YYYXyyx, YYxYxyXyXYXyxx) -> (YYYXyyx, YYXyXyxxYYxYxyX) -> (YYYXyyx, YYXXyXyxxYYxYx) -> (YYYXyyx, YYYxyXXyXyxxYYx) -> (YYYXyyx, YYYYxxyXXyXyxx) -> (YYYXyyx, YYxYxxyXXyXyx) -> (YYYXyyx, YXyxYxxYXXyX) -> (YYYXyyx, YYXyxxyxYXYXX) -> (YYYXyyx, YXYXXyXYxxyx) -> (YYYXyyx, YYXyXXyxYxxyx) -> (YYYXyyx, YXyXXyXYxxYx) -> (YYYXyyx, YYXyxxYxYXyXX) -> (YYYXyyx, YYYXXyxxYxYXyX) -> (YYYXyyx, YYXYXXyxxYxYX) -> (YYYXyyx, YYYYXXYXXyxxYx) -> (YYYXyyx, YYYxYXXYXXyxx) -> (YYYXyyx, YYxxYXXYXXyx) -> (YYYXyyx, YXyxxyxxyXX) -> (YXYXYxyxx, YXyXyxYxYx) -> (YXXyxxx, YYXYxyyxyxYX) -> (YXXyxxx, YYxyXXyyxyXYX) -> (YXXyxxx, YYXyyxyxYXYxxx) -> (YXXyxxx, YYXyyxyxYxxYx) -> (YXXyxxx, YYXyyxyxxxxYYx) -> (YXXyxxx, YYXyyxxxyxYYx) -> (YXXyxxx, YYXyxxyyxYYx) -> (YXXyxxx, YYxYYxyXyyx) -> (YYxYXyXyX, YXYXYxyxyX) -> (YYYxyyX, YXyXXyXYxYxx) -> (YYYxyyX, YYXXyXYxYxxyX) -> (YYYxyyX, YYYXyXYxYxxyXX) -> (YYYxyyX, YYXYxYxxyXXYX) -> (YYYxyyX, YYYYxYxxyXXYXX) -> (YYYxyyX, YYYxxyXXYXXYx) -> (YYYxyyX, YYxyXXYXXYxx) -> (YYYxyyX, YXXYXXYxxyx) -> (YXYXYxxyx, YXyXyXyxYx) -> (YXXXyxx, YYXYXyxyyxyX) -> (YXXXyxx, YYXYxxyXyyxyX) -> (YXXXyxx, YYxYXyXyyxyX) -> (YXXXyxx, YYXyyxyxxyXYX) -> (YXXXyxx, YYXyyxyXyxYX) -> (YXXXyxx, YYXyxxxyXyXyxYX) -> (YXXXyxx, YYxxyxyXyXyxYX) -> (YXXXyxx, YXYxyXXyxyXYxYx) -> (YXXXyxx, YXYXyxyXyXyxYx) -> (YXXXyxx, YXYXyxyXyxxyXYx) -> (YXXXyxx, YYXXYXYxyxyXyx) -> (YXXXyxx, YYYXXXXYxyxyXyx) -> (YXXXyxx, YYYXXYXXyxyXyx) -> (YXXXyxx, YYYXXYxyXyXyx) -> (YXXXyxx, YYYYXXyXyXyx) -> (YXXXyxx, YYYYXXyXyxxyX) -> (YXXXyxx, YYYYXXyxxyyX) -> (YXXXyxx, YYYYxyyyX) -> (YYYYxyyyX, YXyXyXyxYx) -> (YYYxyyX, YXYXYXYxyxyxyX) -> (YYYxyyX, YYxyXYXYXyxyxyx) -> (YYYxyyX, YYxxyXYXYXyxyx) -> (YYYxyyX, YYxxxyXYXYXyx) -> (YYYxyyX, YYxxxxyXYXYX) -> (YYYxyyX, YYYXyxxxxyXYX) -> (YYYxyyX, YYYXXyxxxxyX) -> (YYYxyyX, YXXXyxxxx) -> (YXXXyxxxx, YXYXYxyxyX) -> (YXXyxxx, YXyXyXyxYxYxYx) -> (YXXyxxx, YXyxxyXyXyXYxYx) -> (YXXyxxx, YYxyXyXyxYxYXX) -> (YXXyxxx, YYYxyXyXyxYXX) -> (YXXyxxx, YYYYxyXyXyXX) -> (YXXyxxx, YYYYxyXyXXXyx) -> (YXXyxxx, YYYYxyXXXyyx) -> (YXXyxxx, YYYYXyyyx) -> (YYYYXyyyx, YYXYYXYxyyxyX) -> (YYYYXyyyx, YYYXyXYYXYxyyx) -> (YYYYXyyyx, YYXYxYxyXyX) -> (YYYYXyyyx, YYYXyXYxYxyX) -> (YYYYXyyyx, YYYXXyXYxYx) -> (YYYYXyyyx, YYYYxyXXyXYx) -> (YYYYXyyyx, YYYYxxyXXyX) -> (YYYYXyyyx, YYYXYxxyXX) -> (YYYYXyyyx, YYYYXXYxxyX) -> (YYYYXyyyx, YYYXYXXYxx) -> (YYYXYXXYxx, YYYxyXYXXYx) -> (YYXYxxxYxYx, YXYxxYxYxYxyX) -> (YXYXYxyxyx, YYXYxxxYxYx) -> (YXXYxxx, YYXYxYxYxYYxYYx) -> (YXXYxxx, YYxYYxYYxyXXYxYx) -> (YXXYxxx, YYXyyXyyXyyXyxx) -> (YXXYxxx, YYYXyyXyyXyyxx) -> (YXXYxxx, YYYYXyyXyyXyxxx) -> (YXXYxxx, YYYYXyyXyyxxYx) -> (YXXYxxx, YYYYXyyXyxxxYYx) -> (YXXYxxx, YYYYXyyxxYxYYx) -> (YXXYxxx, YYYYXyxxxYYxYYx) -> (YXXYxxx, YYYYxxYxYYxYYx) -> (YYXyyXXXYX, YYXYYXyxyyxyX) -> (YYXyyXXXYX, YYXyXXXyxYX) -> (YXXXyxxxx, YYXyyXXXYX) -> (YXXXyxxxx, YYXyyxYXXXX) -> (YXXXyxxxx, YYXXXYXyyx) -> (YXXXyxxxx, YXYXyXXyxYxx) -> (YXXXyxxxx, YXYXyxyXXXYxx) -> (YXXXyxxxx, YXYXYXyxyx) -> (YYYXyyx, YXXXyxxxx) -> (YYYXyyx, YYYxxyXXXXyx) -> (YYYXyyx, YYYxyXXXXyxYx) -> (YYYXyyx, YYXXXXyxYxYx) -> (YYYXyyx, YYXXXyxYxYxyX) -> (YYYXyyx, YYXYYXXXyxYxyx) -> (YYYXyyx, YYYYXXXyxYxyxyX) -> (YYYXyyx, YYXXyxYxyxyXYX) -> (YYYXyyx, YYXXyxyxYYxyXYX) -> (YYYXyyx, YYXYXYYXXyxyxx) -> (YYYXyyx, YYYXYYXXyxyxxyX) -> (YYYXyyx, YYYYXXyxyxxyXX) -> (YYYXyyx, YYXyxyxxyXXYX) -> (YYYXyyx, YXyXYxyxxyXX) -> (YYYXyyx, YYxxYxYXyXXyx) -> (YYYXyyx, YXyXXYxyxxYx) -> (YYYXyyx, YYXyXXYXyxxyx) -> (YYYXyyx, YXYXXYxyxxyx) -> (YYYXyyx, YYxxyxYXYXXyx) -> (YYYXyyx, YYYxyxYXYXXyxx) -> (YYYXyyx, YYxYXYXXyxxYx) -> (YYYXyyx, YYYYXYXXyxxYxx) -> (YYYXyyx, YYYXXyxxYxxYX) -> (YYYXyyx, YYXyxxYxxYXX) -> (YYYXyyx, YXXyXYxxYxx) -> (YXXyXYxYx, YXYXYXyxyx) -> (YXXXyxx, YYxYXyXyyXYx) -> (YXXXyxx, YYxYXyXyyxYXX) -> (YXXXyxx, YYXXXYxYXyXyyx) -> (YXXXyxx, YYXYXXYXyXyyx) -> (YXXXyxx, YYXYYXXXXyXyyx) -> (YXXXyxx, YYXYYXyXXXyyx) -> (YXXXyxx, YYXYYXyyXXyx) -> (YXXXyxx, YYXYYXyyxyX) -> (YYxyxyxYX, YXyXyXyxYx) -> (YYYxyyX, YXYxyxxyxYXX) -> (YYYxyyX, YYxyXXYXYxyxx) -> (YYYxyyX, YYYxxyXXYXYxyx) -> (YYYxyyX, YYxYxxyXXYXYx) -> (YYYxyyX, YYYYxxYxxyXXYX) -> (YYYxyyX, YYYXYxxYxxyXX) -> (YYYxyyX, YYXXYxxYxxyX) -> (YYYxyyX, YXyXXYxxYxx) -> (YXyXXYxYx, YXYXYxyxyX) -> (YXXyxxx, YYxYXyyXyXYx) -> (YXXyxxx, YYXyxxyyXyxYx) -> (YXXyxxx, YYXyyxxxyXyxYx) -> (YXXyxxx, YYXyyxyxxyxYx) -> (YXXyxxx, YYXYYxyyXyXXXX) -> (YXXyxxx, YYXYYxyyXXXyX) -> (YXXyxxx, YYXYYxyXXyyX) -> (YXXyxxx, YYXYYXyxyyX) -> (YYXYxyxyx, YXyXyxYxYx) -> (YYXyyXyX, YXyXXyxYxxYxx) -> (YYXyyXyX, YYxyxxYxyXXyX) -> (YYXyyXyX, YYxxyxxYxyX) -> (YYXyyXyX, YYYxyyXYXXyyx) -> (YYYYXXYX, YYYXYYXyyxYxyyX) -> (YYYYXXYX, YYXyXYYxYYXXyyx) -> (YYxYxxYYxxx, YYxxYXyxxYXYxxx) -> (YYxYxxYYxxx, YXyXXyxYXyxx) -> (YYxYXYxxYX, YXyXyxYXyxx) -> (YYxYXYxxYX, YYYxYXYYxyXYx) -> (YYxYXYxxYX, YYYXyxyyXYx) -> (YYYXyxyyXYx, YYxYXYxyxYX) -> (YYxYXYxyxYX, YYxYXYYxyXYx) -> (YYxYXYxyxYX, YXYxyXYxxyX) -> (YYxyXYxxyX, YYxYxxYYxyx) -> (YYXyXYXXyX, YYxyXYxyxyX) -> (YYXyXYXXyX, YXyxYXXyXYXXX) -> (YYXyXYXXyX, YXyXXYxyxxx) -> (YXyXYXXyXYx, YXyXXYxyxxx) -> (YXyXYXXyXYx, YXyxYXXyXYXX) -> (YYXyxYXyXyx, YXyXYXXyXYx) -> (YYXyxYXXyx, YYXYXXYxYXX) -> (YYXYxxYXYx, YXyxYXXyxYx) -> (YYXYxxYXYx, YYYxYXyxYYXYx) -> (YYXYxxYXYx, YYYxYXyyxyX) -> (YYYxYXyyxyX, YYXYxyxYXYx) -> (YYXYxyxYXYx, YYXYxYYxYXyx) -> (YYXYxyxYXYx, YXYXyxxYXyx) -> (YYXyxxYXyx, YYxyxYYxxYx) -> (YYXyXXYXyX, YYXyxyxYXyx) -> (YYXyXXYXyX, YXyXXYxyXYXXX) -> (YYXyXXYXyX, YXXyXYxxxyx) -> (YXXyXYxxxyx, YXyXYxxxYXyXX) -> (YYXyXXYxyX, YXXyXYxxxyx) -> (YXXyXYxxxyx, YXyXXYxyXYxxx) -> (YXXyXYxxxyx, YYXyXXYxxxyX) -> (YYXyXYxxyXX, YXXyXYxxxyx) -> (YYxyXYXyXX, YXXyXYxxxyx) -> (YXXyXYxxxyx, YXyXXYxxxYxyX) -> (YXXyXYxxxyx, YYxyXYXyXYxxyX) -> (YXXyXYxxxyx, YYxyXYxyXYXyX) -> (YXXyXYxxxyx, YXyXYxxxYxyXYxyX) -> (YXXyXYxxxyx, YYxyXYxyXYxyX) -> (YXXyXYxxxyx, YXyXXyxYXyxYXyx) -> (YXXyXYxxxyx, YXYxyXYxyXYxxxyX) -> (YXXyXYxxxyx, YXYxyXYxxxyXX) -> (YXYxxxyXXX, YXXyXYxxxyx) -> (YYxxyXXXX, YXYxxxyXXX) -> (YYXyxyX, YYxxyXXXX) -> (YYxyXyx, YXXyXyxxxx) -> (YYxyXyx, YYxxxyXXX) -> (YYxyXyx, YYxyXYxxxyXX) -> (YYxyXyx, YYxYxyxxyXX) -> (YYxyXyx, YYxxyxxyXXYx) -> (YYxyXyx, YYxYxxyxxyX) -> (YYxyXyx, YXyXXYXXyXyx) -> (YYxyXyx, YXXXyXyXX) -> (YYXyxyX, YYxxxyxx)","null","221","11","sub_auto_complete_adjusted_length","total_length","4832946","YYYXyyx","YXXXXyxxx","false","true","false","false","","0","0.5361377199585088","58176675","108510692","175","16","896341","896341","3276810","node_budget_exhausted","1000000"
"0","0","0","full","0","0","0","triple_gs_auto_cov_complete_cov_compact_cpp","null","null","","","(YYXXYxxx, YYYXYxYxx)","total_length","0","1521722","0.5039599874352871","766887","98587","0","98587","0.098587","2","0","871341","0.2403260518000647","772754","871342","3","","","1521722","1","auto_cov_plus_complete_cov","805.825","24","0","true","82542966","1000000","0","(YYXXYxxx, YYYXYxYxx)","17","null","null","5000119","32","80001692","21","17_2","5000000","0","null","1000000","deepest","(YYXXYxxx, YYYXYxYxx)","null","0","12","sub_auto_complete_adjusted_length","total_length","3215440","YYXXYxxx","YYYXYxYxx","false","true","false","false","","0","0.554702886578682","81763302","147400174","0","17","871342","871342","1669932","node_budget_exhausted","1000000"
"0","0","0","full","0","0","0","triple_gs_auto_cov_complete_cov_compact_cpp","null","null","","","(YXXYxxYx, YYYYXyyyx)","total_length","0","2384480","0.49165520365027177","1172342","172819","0","172819","0.172819","2","0","813288","0.12820148925097083","640469","813289","3","","","2384480","1","auto_cov_plus_complete_cov","931.663","24","0","true","76960166","1000000","0","(YXXYxxYx, YYYYXyyyx)","17","null","null","5000125","29","72501518","20","17_3","5000000","0","null","1000000","deepest","(YXXYxxYx, YYYYXyyyx)","null","0","13","sub_auto_complete_adjusted_length","total_length","4995800","YXXYxxYx","YYYYXyyyx","false","true","false","false","","0","0.5266742500679161","75781611","143887063","0","17","813289","813289","3645359","node_budget_exhausted","1000000"
"0","0","0","full","0","0","0","triple_gs_auto_cov_complete_cov_compact_cpp","null","null","","","(YXXYxYxx, YYYYXyyyx)","total_length","0","2538848","0.5096287765159632","1293870","180451","0","180451","0.180451","2","0","810807","0.19838729829820032","630356","810808","3","","","2538848","1","auto_cov_plus_complete_cov","1013.773","24","0","true","75186745","1000000","0","(YXXYxYxx, YYYYXyyyx)","17","null","null","5000104","29","72501499","20","17_4","5000000","0","null","1000000","deepest","(YXXYxYxx, YYYYXyyyx)","null","0","14","sub_auto_complete_adjusted_length","total_length","3177401","YXXYxYxx","YYYYXyyyx","false","true","false","false","","0","0.5433527651882408","73889295","135987704","0","17","810808","810808","1874438","node_budget_exhausted","1000000"
"0","0","0","full","0","0","0","triple_gs_auto_cov_complete_cov_compact_cpp","null","null","","","(YYxxyXXX, YYYYXyyyx)","total_length","0","1351072","0.5073926482082376","685524","89796","0","89796","0.089796","2","0","898091","0.1852521592449604","808295","898092","3","","","1351072","1","auto_cov_plus_complete_cov","739.735","24","0","true","68645756","1000000","0","(YYxxyXXX, YYYYXyyyx)","17","null","null","5000124","26","65001039","22","17_5","5000000","0","null","1000000","deepest","(YYxxyXXX, YYYYXyyyx)","null","0","15","sub_auto_complete_adjusted_length","total_length","4363215","YYxxyXXX","YYYYXyyyx","false","true","false","false","","0","0.5134649989322023","67953237","132342491","0","17","898092","898092","2746625","node_budget_exhausted","1000000"
"0","0","0","full","0","0","0","triple_gs_auto_cov_complete_cov_compact_cpp","null","null","","","(YXXYxxyx, YYYYXyyyx)","total_length","0","992056","0.5147642874998992","510675","66483","0","66483","0.066483","2","0","927200","0.1929230230599762","860717","927201","3","","","992056","1","auto_cov_plus_complete_cov","639.807","24","0","true","63668148","1000000","0","(YXXYxxyx, YYYYXyyyx)","17","null","null","5000089","24","60000928","23","17_6","5000000","0","null","1000000","deepest","(YXXYxxyx, YYYYXyyyx)","null","0","16","sub_auto_complete_adjusted_length","total_length","4461453","YXXYxxyx","YYYYXyyyx","false","true","false","false","","0","0.4893621116584386","63153515","129052727","0","17","927201","927201","2740019","node_budget_exhausted","1000000"
"0","0","0","full","0","0","0","triple_gs_auto_cov_complete_cov_compact_cpp","null","null","","","(YXyXXyxx, YYYYXyyyx)","total_length","0","1082565","0.5159376111365137","558536","68428","0","68428","0.068428","2","0","927207","0.29331516747687797","858779","927208","3","","","1082565","1","auto_cov_plus_complete_cov","640.54","24","0","true","62138538","1000000","0","(YXyXXyxx, YYYYXyyyx)","17","null","null","5000134","24","60001051","23","17_7","5000000","0","null","1000000","deepest","(YXyXXyxx, YYYYXyyyx)","null","0","17","sub_auto_complete_adjusted_length","total_length","2927837","YXyXXyxx","YYYYXyyyx","false","true","false","false","","0","0.4826932205128435","61577959","127571626","0","17","927208","927208","1210279","node_budget_exhausted","1000000"
"0","0","0","full","0","0","0","triple_gs_auto_cov_complete_cov_compact_cpp","null","null","","","(YXXyXyxx, YYYYXyyyx)","total_length","0","1046163","0.5159788675378503","539798","70002","0","70002","0.070002","2","0","919041","0.17107415935722592","849039","919042","3","","","1046163","1","auto_cov_plus_complete_cov","706.993","24","0","true","79185337","1000000","0","(YXXyXyxx, YYYYXyyyx)","17","null","null","5000119","30","75001488","22","17_8","5000000","0","null","1000000","deepest","(YXXyXyxx, YYYYXyyyx)","null","0","18","sub_auto_complete_adjusted_length","total_length","4962988","YXXyXyxx","YYYYXyyyx","false","true","false","false","","0","0.5321814019745608","78640863","147770784","0","17","919042","919042","3264807","node_budget_exhausted","1000000"
"0","0","0","full","0","0","0","triple_gs_auto_cov_complete_cov_compact_cpp","null","null","","","(YXyxxYXX, YYYYXyyyx)","total_length","0","1468105","0.5096958323825612","748287","93287","0","93287","0.093287","2","0","897865","0.2424082651246436","804578","897866","3","","","1468105","1","auto_cov_plus_complete_cov","726.599","24","0","true","67608834","1000000","0","(YXyxxYXX, YYYYXyyyx)","17","null","null","5000117","26","65001021","23","17_9","5000000","0","null","1000000","deepest","(YXyxxYXX, YYYYXyyyx)","null","0","19","sub_auto_complete_adjusted_length","total_length","3319103","YXyxxYXX","YYYYXyyyx","false","true","false","false","","0","0.5104968910682488","66856528","130963634","0","17","897866","897866","1709947","node_budget_exhausted","1000000"
"0","0","0","full","0","0","0","triple_gs_auto_cov_complete_cov_compact_cpp","null","null","","","(YXYXXyxx, YYYYXyyyx)","total_length","0","1883586","0.48941593322524163","921857","132911","0","132911","0.132911","2","0","854258","0.1947760329572085","721347","854259","3","","","1883586","1","auto_cov_plus_complete_cov","1009.267","24","0","true","70616182","1000000","0","(YXYXXyxx, YYYYXyyyx)","17","null","null","5000110","27","67501148","22","17_10","5000000","0","null","1000000","deepest","(YXYXXyxx, YYYYXyyyx)","null","0","20","sub_auto_complete_adjusted_length","total_length","3703469","YXYXXyxx","YYYYXyyyx","false","true","false","false","","0","0.514594528598699","69687429","135422017","0","17","854259","854259","2260775","node_budget_exhausted","1000000"
"0","0","0","full","0","0","0","triple_gs_auto_cov_complete_cov_compact_cpp","null","null","","","(YYXXXyxx, YXyxxyXYx)","total_length","0","2765861","0.449300597535451","1242703","182686","0","182686","0.182686","2","0","778009","0.18079185778702067","595323","778010","3","","","2765861","1","auto_cov_plus_complete_cov","1152.789","24","0","true","80381870","1000000","0","(YYXXXyxx, YXyxxyXYx)","17","null","null","5000128","31","77501642","24","17_11","5000000","0","null","1000000","deepest","(YYXXXyxx, YXyxxyXYx)","null","0","21","sub_auto_complete_adjusted_length","total_length","3292864","YYXXXyxx","YXyxxyXYx","false","true","false","false","","0","0.558245836349832","79125728","141739934","0","17","778010","778010","2102218","node_budget_exhausted","1000000"
"0","0","0","full","0","0","0","triple_gs_auto_cov_complete_cov_compact_cpp","null","null","","","(YXYXYxxx, YYYYXyyyx)","total_length","0","1470051","0.5047097005478042","741949","115941","0","115941","0.115941","2","0","875099","0.18594490318181284","759158","875100","3","","","1470051","1","auto_cov_plus_complete_cov","1021.923","24","0","true","78441286","1000000","0","(YXYXYxxx, YYYYXyyyx)","17","null","null","5000125","30","75001798","20","17_12","5000000","0","null","1000000","deepest","(YXYXYxxx, YYYYXyyyx)","null","0","22","sub_auto_complete_adjusted_length","total_length","4082704","YXYXYxxx","YYYYXyyyx","false","true","false","false","","0","0.5102118912427165","77694902","152279677","0","17","875100","875100","2564388","node_budget_exhausted","1000000"
"0","0","0","full","0","0","0","triple_gs_auto_cov_complete_cov_compact_cpp","null","null","","","(YXYxxxyX, YYYYXyyyx)","total_length","0","1303540","0.47661368274084415","621285","95854","0","95854","0.095854","2","0","893869","0.16622517839188286","798015","893870","3","","","1303540","1","auto_cov_plus_complete_cov","987.751","24","0","true","81600330","1000000","0","(YXYxxxyX, YYYYXyyyx)","17","null","null","5000130","31","77501683","22","17_13","5000000","0","null","1000000","deepest","(YXYxxxyX, YYYYXyyyx)","null","0","23","sub_auto_complete_adjusted_length","total_length","4800807","YXYxxxyX","YYYYXyyyx","false","true","false","false","","0","0.4928362038056549","80974659","164303390","0","17","893870","893870","3204777","node_budget_exhausted","1000000"
"0","0","0","full","0","0","0","triple_gs_auto_cov_complete_cov_compact_cpp","null","null","","","(YXyXYxxx, YYYYXyyyx)","total_length","0","1758909","0.49084119758327466","863345","127840","0","127840","0.12784","2","0","858854","0.20323439538647298","731014","858855","3","","","1758909","1","auto_cov_plus_complete_cov","1027.637","24","0","true","67994956","1000000","0","(YXyXYxxx, YYYYXyyyx)","17","null","null","5000120","26","65001228","23","17_14","5000000","0","null","1000000","deepest","(YXyXYxxx, YYYYXyyyx)","null","0","24","sub_auto_complete_adjusted_length","total_length","3596901","YXyXYxxx","YYYYXyyyx","false","true","false","false","","0","0.5182054427201949","67125841","129535191","0","17","858855","858855","2134873","node_budget_exhausted","1000000"
"0","0","0","full","0","0","0","triple_gs_auto_cov_complete_cov_compact_cpp","null","null","","","(YXXXyxYx, YYYYXyyyx)","total_length","0","1455019","0.4771188554926087","694217","106552","0","106552","0.106552","2","0","879889","0.2063943146464629","773337","879890","3","","","1455019","1","auto_cov_plus_complete_cov","1038.043","24","0","true","83081915","1000000","0","(YXXXyxYx, YYYYXyyyx)","17","null","null","5000105","32","80001808","22","17_15","5000000","0","null","1000000","deepest","(YXXXyxYx, YYYYXyyyx)","null","0","25","sub_auto_complete_adjusted_length","total_length","3746891","YXXXyxYx","YYYYXyyyx","false","true","false","false","","0","0.5023099190888556","82381821","164005961","0","17","879890","879890","2200217","node_budget_exhausted","1000000"
"0","0","0","full","0","0","0","triple_gs_auto_cov_complete_cov_compact_cpp","null","null","","","(YXyxxyX, YYXyyxYx)","total_length","0","1557895","0.5668803096485964","883140","81860","0","81860","0.08186","2","0","909686","0.2451807269951851","827826","909687","3","","","1557895","1","auto_cov_plus_complete_cov","471.711","24","0","true","52631030","1000000","0","(YXyxxyX, YYXyyxYx)","15","null","null","5000071","20","50000601","24","15_10","5000000","0","null","1000000","deepest","(YXyxxyX, YYXyyxYx)","null","0","26","sub_auto_complete_adjusted_length","total_length","3376391","YXyxxyX","YYXyyxYx","false","true","false","false","","0","0.5294603681039801","51743411","97728582","0","15","909687","909687","1720742","node_budget_exhausted","1000000"
"0","0","0","full","0","0","0","triple_gs_auto_cov_complete_cov_compact_cpp","null","null","","","(YXXYxxx, YYYYYXyyyyx)","total_length","0","1927843","0.5665233112862407","1092168","134443","1","134443","0.134443","2","0","859832","0.17965474849330115","541725","859833","3","2","YY","1927843","1","auto_cov_plus_complete_cov","811.762","24","14","true","64896879","1000000","93","(YXXyxYx, YYYYXyyxx)","16","YY","y","5000086","25","62500853","19","18_1","5000000","0","null","1000000","deepest","(YXXYxxx, YYYYYXyyyyx) -> (YXXYxxx, YYYYYxxYXXyyyx) -> (YXXYxxx, YYYYYxxYxYXXyyx) -> (YXXYxxx, YYYYYxxYxYxYXXyx) -> (YXXYxxx, YYYYYxxYxYxYxYX) -> (YXXXYxx, YYYYXXYXYXYXYXYx) -> (YXXXYxx, YYYYXXYXYXYXYxxyX) -> (YXXXYxx, YYYYXXYXYXYxxyyX) -> (YXXXYxx, YYYYXXYXYxxyyyX) -> (YXXXYxx, YYYYXXYxxyyyyX) -> (YXXXYxx, YYYYYXyyyyx) -> (YXXXYxx, YYYYYxYXXXyyyx) -> (YXXXYxx, YYYYYxYXYXXXyyx) -> (YXXXYxx, YYYYYxYXYXYXXXyx) -> (YXXXYxx, YYYYYxYXYXYXYXX) -> (YXyXyXYxYx, YYYYYxYXXXXyX) -> (YXyXyXYxYx, YYYYxYXXXYxyXyX) -> (YXyXyXYxYx, YYYxYXXXYxxyXyX) -> (YXyXyXYxYx, YYxYXXXYxxxyXyX) -> (YXyXyXYxYx, YXXXYxxxxyXyXYx) -> (YXyXyXYxYx, YXXXXXyxxxx) -> (YYYXyyX, YXXXXXyxxxx) -> (YYYXyyX, YYYXyXXXXXyxxx) -> (YYYXyyX, YYYXYXyXXXXXyxx) -> (YYYXyyX, YYYXYXYXyXXXXXyx) -> (YYYXyyX, YYXYXYXYXyXXXXX) -> (YYYxyyx, YYxxxxyxYxYxYxYx) -> (YYYxyyx, YYYXyxxxxyxYxYxYx) -> (YYYxyyx, YYYXXyxxxxyxYxYx) -> (YYYxyyx, YYYXXXyxxxxyxYx) -> (YYYxyyx, YYYXXXXyxxxxyx) -> (YYYxyyx, YXXXXXyxxxx) -> (YYYxyyx, YYXyyXXXXXyxxx) -> (YYYxyyx, YYXyXyyXXXXXyxx) -> (YYYxyyx, YYXyXyXyyXXXXXyx) -> (YYYxyyx, YYxYxYxYxyxxxxx) -> (YXYXYxyxyx, YYYYxyxxxxxYX) -> (YXYXYxyxyx, YYYxyxxxxYXYXyx) -> (YXYXYxyxyx, YYYxyxxxYXYXyyx) -> (YXYXYxyxyx, YYYxyxyXXYXyyyX) -> (YXYXYxyxyx, YYYYxyxyXYXyyyX) -> (YXYXYxyxyx, YYYYYxyyyyX) -> (YXXYxxx, YYYYYxyyyyX) -> (YXXYxxx, YYYYYxyyyXXYxx) -> (YXXYxxx, YYYYYxyyXXYxYxx) -> (YXXYxxx, YYYYYxyXXYxYxYxx) -> (YXXYxxx, YYYYYXYxYxYxYxx) -> (YXXXYxx, YYYYxYXYXYXYXYXX) -> (YXXXYxx, YYYYXyxxYXYXYXYXX) -> (YXXXYxx, YYYYXyyxxYXYXYXX) -> (YXXXYxx, YYYYXyyyxxYXYXX) -> (YXXXYxx, YYYYXyyyyxxYXX) -> (YXXXYxx, YYYYYxyyyyX) -> (YXXXYxx, YYYYYxyyyXXXYx) -> (YXXXYxx, YYYYYxyyXXXYXYx) -> (YXXXYxx, YYYYYxyXXXYXYXYx) -> (YXXXYxx, YYYYYXXYXYXYXYx) -> (YXyXyXYxYx, YYYYYXyXXXXYx) -> (YXyXyXYxYx, YYYYXyXyxYXXXYx) -> (YXyXyXYxYx, YYYXyXyxxYXXXYx) -> (YXyXyXYxYx, YYXyXyxxxYXXXYx) -> (YXyXyXYxYx, YXyXyxxxxYXXXYx) -> (YXyXyXYxYx, YXXXXyxxxxx) -> (YYYXyyX, YXXXXyxxxxx) -> (YYYXyyX, YYYxxxyXXXXXyX) -> (YYYXyyX, YYYxxyXXXXXyXYX) -> (YYYXyyX, YYYxyXXXXXyXYXYX) -> (YYYXyyX, YYXXXXXyXYXYXYX) -> (YYYxyyx, YYxYxYxYxYxyxxxx) -> (YYYxyyx, YYXyXyXyXyyXXXXyx) -> (YYYxyyx, YYXyXyXyyXXXXyxx) -> (YYYxyyx, YYXyXyyXXXXyxxx) -> (YYYxyyx, YYXyyXXXXyxxxx) -> (YYYxyyx, YXXXXyxxxxx) -> (YYYxyyx, YYYXXXyxxxxxyx) -> (YYYxyyx, YYYXXyxxxxxyxYx) -> (YYYxyyx, YYYXyxxxxxyxYxYx) -> (YYYxyyx, YYxxxxxyxYxYxYx) -> (YYYxyyx, YYxxxxyxYxYxYxyX) -> (YYYxyyx, YYXyXyXYXXXXyyxyx) -> (YYYxyyx, YYXyXYXXXXyyxyxx) -> (YYYxyyx, YYXYXXXXyyxyxxx) -> (YYYYxyx, YYXXyXyXyXyyxxYxYx) -> (YYYYxyx, YYXXyXyXyyxYYxxYxYx) -> (YYYYxyx, YYXXyXyyxYYxYYxxYxYx) -> (YYYYxyx, YYXXyyxYYxYYxYYxxYxYx) -> (YYXyXYYXX, YYXXXYYXXXYXYXYXyxxYXX) -> (YYXyXYYXX, YYXXXYXYXYXyxxyxYXX) -> (YYXyXYYXX, YXYXYXyxxyxyxYXX) -> (YXYxYXyXYx, YYYXyxyyxYX) -> (YXYXyxx, YYYxyXyxyXyx) -> (YXYXyxx, YYYxyXXyxyx) -> (YXYXyxx, YYYYXyyxyx) -> (YXXyxYx, YYYYXyyxx)","null","93","27","sub_auto_complete_adjusted_length","total_length","3015367","YXXYxxx","YYYYYXyyyyx","false","true","false","false","","0","0.5235729811300539","63800505","121855992","78","18","859833","859833","1903521","node_budget_exhausted","1000000"
"0","0","0","full","0","0","0","triple_gs_auto_cov_complete_cov_compact_cpp","null","null","","","(YXXXyxx, YYYYYXyyyyx)","total_length","0","728948","0.6535418164258631","476398","59427","0","59427","0.059427","2","0","940092","0.24097458625397","880665","940093","3","","","728948","1","auto_cov_plus_complete_cov","674.598","24","0","true","65334252","1000000","0","(YXXXyxx, YYYYYXyyyyx)","18","null","null","5000087","25","62500892","20","18_2","5000000","0","null","1000000","deepest","(YXXXyxx, YYYYYXyyyyx)","null","0","28","sub_auto_complete_adjusted_length","total_length","3654597","YXXXyxx","YYYYYXyyyyx","false","true","false","false","","0","0.4903583833016911","64857433","132265370","0","18","940093","940093","1893267","node_budget_exhausted","1000000"
"0","0","0","full","0","0","0","triple_gs_auto_cov_complete_cov_compact_cpp","null","null","","","(YYXXYxxx, YYYYYXyyyyx)","total_length","0","2065691","0.4945671932539765","1021623","173690","0","173690","0.17369","2","0","804634","0.1355364799491317","630944","804635","3","","","2065691","1","auto_cov_plus_complete_cov","1321.739","24","0","true","54198894","1000000","0","(YYXXYxxx, YYYYYXyyyyx)","19","null","null","5000110","20","50000987","18","19_1","5000000","0","null","1000000","deepest","(YYXXYxxx, YYYYYXyyyyx)","null","0","29","sub_auto_complete_adjusted_length","total_length","4655160","YYXXYxxx","YYYYYXyyyyx","false","true","false","false","","0","0.46235183503432603","53162399","114982563","0","19","804635","804635","3393272","node_budget_exhausted","1000000"
"0","0","0","full","0","0","0","triple_gs_auto_cov_complete_cov_compact_cpp","null","null","","","(YXyxxxYXX, YYYYXXXyxx)","total_length","0","1289021","0.4769449062505576","614792","108951","0","108951","0.108951","2","0","880400","0.23905258884884617","771449","880401","3","","","1289021","1","auto_cov_plus_complete_cov","1052.499","24","0","true","55065650","1000000","0","(YXyxxxYXX, YYYYXXXyxx)","19","null","null","5000144","21","52501037","20","19_2","5000000","0","null","1000000","deepest","(YXyxxxYXX, YYYYXXXyxx)","null","0","30","sub_auto_complete_adjusted_length","total_length","3227110","YXyxxxYXX","YYYYXXXyxx","false","true","false","false","","0","0.44768197473193405","54447114","121620072","0","19","880401","880401","1684212","node_budget_exhausted","1000000"
"0","0","0","full","0","0","0","triple_gs_auto_cov_complete_cov_compact_cpp","null","null","","","(YXXYxYxx, YYYYYXyyyyx)","total_length","0","1851885","0.4477859046323071","829248","172119","0","172119","0.172119","2","0","821580","0.21664074271374587","649461","821581","3","","","1851885","1","auto_cov_plus_complete_cov","855.8","24","0","true","52418408","1000000","0","(YXXYxYxx, YYYYYXyyyyx)","19","null","null","5000089","20","50000624","18","19_3","5000000","0","null","1000000","deepest","(YXXYxYxx, YYYYYXyyyyx)","null","0","31","sub_auto_complete_adjusted_length","total_length","2997871","YXXYxYxx","YYYYYXyyyyx","false","true","false","false","","0","0.44877513072836916","51587041","114950757","0","19","821581","821581","1596203","node_budget_exhausted","1000000"
"0","0","0","full","0","0","0","triple_gs_auto_cov_complete_cov_compact_cpp","null","null","","","(YXyxxyXX, YYYYYXyyyyx)","total_length","0","1160196","0.5246070491537637","608647","89427","0","89427","0.089427","2","0","903528","0.20554867111849043","814101","903529","3","","","1160196","1","auto_cov_plus_complete_cov","787.557","24","0","true","50736522","1000000","0","(YXyxxyXX, YYYYYXyyyyx)","19","null","null","5000107","19","47500571","19","19_4","5000000","0","null","1000000","deepest","(YXyxxyXX, YYYYYXyyyyx)","null","0","32","sub_auto_complete_adjusted_length","total_length","3960624","YXyxxyXX","YYYYYXyyyyx","false","true","false","false","","0","0.44740672393183023","50123369","112030880","0","19","903529","903529","2332422","node_budget_exhausted","1000000"
"0","0","0","full","0","0","0","triple_gs_auto_cov_complete_cov_compact_cpp","null","null","","","(YXXYxxyx, YYYYYXyyyyx)","total_length","0","1105247","0.5294535972502075","585177","85915","0","85915","0.085915","2","0","907208","0.2562463105583241","821293","907209","3","","","1105247","1","auto_cov_plus_complete_cov","729.49","24","0","true","47470429","1000000","0","(YXXYxxyx, YYYYYXyyyyx)","19","null","null","5000127","18","45000714","19","19_5","5000000","0","null","1000000","deepest","(YXXYxxyx, YYYYYXyyyyx)","null","0","33","sub_auto_complete_adjusted_length","total_length","3205092","YXXYxxyx","YYYYYXyyyyx","false","true","false","false","","0","0.43698035247235906","46880325","107282455","0","19","907209","907209","1562506","node_budget_exhausted","1000000"
"0","0","0","full","0","0","0","triple_gs_auto_cov_complete_cov_compact_cpp","null","null","","","(YXyXXyxx, YYYYYXyyyyx)","total_length","0","1136267","0.52680399941211","598590","82949","0","82949","0.082949","2","0","912866","0.1704158830345521","829917","912867","3","","","1136267","1","auto_cov_plus_complete_cov","721.816","24","0","true","46623431","1000000","0","(YXyXXyxx, YYYYYXyyyyx)","19","null","null","5000081","17","42500447","19","19_6","5000000","0","null","1000000","deepest","(YXyXXyxx, YYYYYXyyyyx)","null","0","34","sub_auto_complete_adjusted_length","total_length","4869951","YXyXXyxx","YYYYYXyyyyx","false","true","false","false","","0","0.42642684006561055","46022770","107926532","0","19","912867","912867","3210117","node_budget_exhausted","1000000"
"0","0","0","full","0","0","0","triple_gs_auto_cov_complete_cov_compact_cpp","null","null","","","(YXXyXyxx, YYYYYXyyyyx)","total_length","0","947253","0.4883278279403707","462570","80372","0","80372","0.080372","2","0","917694","0.2196365612737904","837322","917695","3","","","947253","1","auto_cov_plus_complete_cov","798.603","24","0","true","48055975","1000000","0","(YXXyXyxx, YYYYYXyyyyx)","19","null","null","5000131","18","45000617","19","19_7","5000000","0","null","1000000","deepest","(YXXyXyxx, YYYYYXyyyyx)","null","0","35","sub_auto_complete_adjusted_length","total_length","3812307","YXXyXyxx","YYYYYXyyyyx","false","true","false","false","","0","0.44735806892001967","47592368","106385402","0","19","917695","917695","2137663","node_budget_exhausted","1000000"
"0","0","0","full","0","0","0","triple_gs_auto_cov_complete_cov_compact_cpp","null","null","","","(YXyxxYXX, YYYYYXyyyyx)","total_length","0","1202298","0.5213449577392626","626812","88156","0","88156","0.088156","2","0","907015","0.2051897643043646","818859","907016","3","","","1202298","1","auto_cov_plus_complete_cov","751.079","24","0","true","48260617","1000000","0","(YXyxxYXX, YYYYYXyyyyx)","19","null","null","5000086","18","45000579","19","19_8","5000000","0","null","1000000","deepest","(YXyxxYXX, YYYYYXyyyyx)","null","0","36","sub_auto_complete_adjusted_length","total_length","3990740","YXyxxYXX","YYYYYXyyyyx","false","true","false","false","","0","0.4347205124965612","47631641","109568423","0","19","907016","907016","2353022","node_budget_exhausted","1000000"
"0","0","0","full","0","0","0","triple_gs_auto_cov_complete_cov_compact_cpp","null","null","","","(YXYXXyxx, YYYYYXyyyyx)","total_length","0","1432488","0.4844082463518019","693909","120300","0","120300","0.1203","2","0","868610","0.23243880430579134","748310","868611","3","","","1432488","1","auto_cov_plus_complete_cov","1052.786","24","0","true","50091804","1000000","0","(YXYXXyxx, YYYYYXyyyyx)","19","null","null","5000064","19","47500428","19","19_9","5000000","0","null","1000000","deepest","(YXYXXyxx, YYYYYXyyyyx)","null","0","37","sub_auto_complete_adjusted_length","total_length","3219385","YXYXXyxx","YYYYYXyyyyx","false","true","false","false","","0","0.45485063285283095","49394610","108595232","0","19","868611","868611","1722765","node_budget_exhausted","1000000"
"0","0","0","full","0","0","0","triple_gs_auto_cov_complete_cov_compact_cpp","null","null","","","(YYXXXyxx, YYYYYXyyyyx)","total_length","0","1002717","0.4611999198178549","462453","84125","0","84125","0.084125","2","0","910542","0.2382085723344767","826417","910543","3","","","1002717","1","auto_cov_plus_complete_cov","930.92","24","0","true","60227812","1000000","0","(YYXXXyxx, YYYYYXyyyyx)","19","null","null","5000097","23","57500803","18","19_10","5000000","0","null","1000000","deepest","(YYXXXyxx, YYYYYXyyyyx)","null","0","38","sub_auto_complete_adjusted_length","total_length","3469300","YYXXXyxx","YYYYYXyyyyx","false","true","false","false","","0","0.4448202751396469","59763881","134355119","0","19","910543","910543","1816466","node_budget_exhausted","1000000"
"0","0","0","full","0","0","0","triple_gs_auto_cov_complete_cov_compact_cpp","null","null","","","(YXYXYxxx, YYYYYXyyyyx)","total_length","0","1503458","0.5386129842004233","809782","167399","0","167399","0.167399","2","0","829058","0.19161925845094163","661659","829059","3","","","1503458","1","auto_cov_plus_complete_cov","1456.446","24","0","true","55459356","1000000","0","(YXYXYxxx, YYYYYXyyyyx)","19","null","null","5000097","21","52500627","18","19_11","5000000","0","null","1000000","deepest","(YXYXYxxx, YYYYYXyyyyx)","null","0","39","sub_auto_complete_adjusted_length","total_length","3452988","YXYXYxxx","YYYYYXyyyyx","false","true","false","false","","0","0.49374760453250705","54648172","110680379","0","19","829059","829059","2129670","node_budget_exhausted","1000000"
"0","0","0","full","0","0","0","triple_gs_auto_cov_complete_cov_compact_cpp","null","null","","","(YXYxxxyX, YYYYYXyyyyx)","total_length","0","1353905","0.4328627193193023","586055","131876","0","131876","0.131876","2","0","858747","0.1675000910237662","726871","858748","3","","","1353905","1","auto_cov_plus_complete_cov","1393.673","24","0","true","58745426","1000000","0","(YXYxxxyX, YYYYYXyyyyx)","19","null","null","5000094","22","55000894","19","19_12","5000000","0","null","1000000","deepest","(YXYxxxyX, YYYYYXyyyyx)","null","0","40","sub_auto_complete_adjusted_length","total_length","4339526","YXYxxxyX","YYYYYXyyyyx","false","true","false","false","","0","0.45415448990448676","58156463","128054361","0","19","858748","858748","2885784","node_budget_exhausted","1000000"
"0","0","0","full","0","0","0","triple_gs_auto_cov_complete_cov_compact_cpp","null","null","","","(YXyXYxxx, YYYYYXyyyyx)","total_length","0","1716608","0.4571160101782119","784689","164979","0","164979","0.164979","2","0","826052","0.1505404968426422","661073","826053","3","","","1716608","1","auto_cov_plus_complete_cov","1516.572","24","0","true","53895853","1000000","0","(YXyXYxxx, YYYYYXyyyyx)","19","null","null","5000091","20","50000616","19","19_13","5000000","0","null","1000000","deepest","(YXyXYxxx, YYYYYXyyyyx)","null","0","41","sub_auto_complete_adjusted_length","total_length","4391330","YXyXYxxx","YYYYYXyyyyx","false","true","false","false","","0","0.4643829107757451","53107523","114361493","0","19","826053","826053","3069184","node_budget_exhausted","1000000"
"0","0","0","full","0","0","0","triple_gs_auto_cov_complete_cov_compact_cpp","null","null","","","(YXXXyxYx, YYYYYXyyyyx)","total_length","0","1408340","0.4378395841913174","616627","138479","0","138479","0.138479","2","0","851155","0.14671390545517426","712676","851156","3","","","1408340","1","auto_cov_plus_complete_cov","1449.316","24","0","true","59284175","1000000","0","(YXXXyxYx, YYYYYXyyyyx)","19","null","null","5000077","22","55000781","19","19_14","5000000","0","null","1000000","deepest","(YXXXyxYx, YYYYYXyyyyx)","null","0","42","sub_auto_complete_adjusted_length","total_length","4857590","YXXXyxYx","YYYYYXyyyyx","false","true","false","false","","0","0.45333946965319105","58664113","129404380","0","19","851156","851156","3432238","node_budget_exhausted","1000000"
"0","0","0","full","0","0","0","triple_gs_auto_cov_complete_cov_compact_cpp","null","null","","","(YYxxxYXX, YXYxxyXyXYx)","total_length","0","1531587","0.5099592775336954","781047","113749","2","113749","0.113749","2","0","875112","0.15830641743942","761363","875113","3","2 -> 3","YXXyxx -> YXY","1531587","1","auto_cov_plus_complete_cov","973.554","24","18","true","66662855","1000000","68","(YYXXyyx, YXyXyxxYXyx)","18","YXXyxx","x","5000123","25","62501042","24","19_15","5000000","0","null","1000000","deepest","(YYxxxYXX, YXYxxyXyXYx) -> (YXYxxYXXX, YYXXYxxyyX) -> (YYXyXyxYxyx, YXyXyXXYxYx) -> (YYXyXyxYxyx, YYYXyXyXYxyx) -> (YYXyXyxYxyx, YXYXyXXYxyx) -> (YXYXyXXYxyx, YXyXyxxxYxyx) -> (YYXyXXXXXYx, YXyXyxxxYxyx) -> (YYXyXXXXXYx, YXyXyXXYxYx) -> (YYYXyyXX, YYXYXyXXXXX) -> (YYYXyyXX, YYxyXYXyXXX) -> (YYYXyyXX, YYxyxyXYXyX) -> (YYYxyyxYx, YYxxYXXyyx) -> (YYXYXYxyxyx, YXYxYXXyxyx) -> (YXYxYXXyxyx, YYYXYxYXyxyx) -> (YYXYxYxyXyx, YYYXYxYXyxyx) -> (YYYYYXYxxyx, YYYXYxYXyxyx) -> (YYYYYXYxxyx, YYXYXYxyxyx) -> (YYXXYxxx, YYYYYXYxYxx) -> (YYXXYxxx, YYYXYxYXyxx) -> (YYXXYxxx, YXYxYXyXyxx) -> (YXYXXXYxx, YYXyyxxYXX) -> (YYxyxYxyXyX, YXXyXyXYxYx) -> (YYxyxYxyXyX, YYYxyxYXyXyX) -> (YYxyxYxyXyX, YXYxyxYXXyX) -> (YXYxyxYXXyX, YXyxYxYXXXyX) -> (YYxYXXXXXyX, YXyxYxYXXXyX) -> (YYxYXXXXXyX, YXXyXyXYxYx) -> (YYYXXyyX, YYXXXXXyXYX) -> (YYYXXyyX, YYXXXyXYXyx) -> (YYYXXyyX, YYXyXYXyxyx) -> (YYYxYxyyx, YYXyyXXyxx) -> (YYYxYxyyx, YYYxyyxYXXyxx) -> (YYYxYxyyx, YYYxyyXYxxyX) -> (YYYxYxyyx, YYYxYxYxyxxyX) -> (YYYxYxyyx, YYYxyxxyXX) -> (YYYxyxxyXX, YYXyyxxyXXX) -> (YYYxyxxyXX, YXXyxxYXXyxxx) -> (YYYYYXyyyyx, YYYYXyyyyXyyxxx) -> (YYxxYXXX, YYYYYXyyyyx) -> (YYxxYXXX, YYYYYXyyxxYXX) -> (YYxxYXXX, YYYYYxYXYXX) -> (YYxxYXXX, YYYxYXYxyXX) -> (YYxxYXXX, YXYXyxyXyxx) -> (YXXYxYxxx, YYXyyXXyxx) -> (YYXyXYXyxyx, YXYXYxxyxyx) -> (YYXyXYXyxyx, YYYXyXYxyxyx) -> (YYXyXYXyxyx, YXyXYxxyxYx) -> (YXyXYxxyxYx, YXYxxxyxYxyX) -> (YYXYxxxxxyx, YXYxxxyxYxyX) -> (YYXYxxxxxyx, YXYXYxxyxyx) -> (YYYxxyyx, YYxxxxxyxYx) -> (YYYxxyyx, YYxxxyxYxyX) -> (YYYxxyyx, YYxyxYxyXyX) -> (YYYXYXyyX, YYXyyxxYXX) -> (YYXyXyXYxYx, YXYxYXyXyxx) -> (YXYxYXyXyxx, YYYXyXyxYXYx) -> (YYXyxyXYXYx, YYYXyXyxYXYx) -> (YYYYYXyXXYx, YYYXyXyxYXYx) -> (YYYYYXyXXYx, YYXyXyXYxYx) -> (YYXXXYxx, YYYYYXXYXYx) -> (YYXXXYxx, YYYXXyxYXYx) -> (YYXXXYxx, YXYxYXXyxyx) -> (YYXYXYXYxyx, YYXYxyxyXyxyX) -> (YYXYXYXYxyx, YXYXXYXYxyxxYXYx) -> (YXYXyxyXYXYxx, YXYXXYxxYXYXXyXYxx) -> (YXYXyxyXYXYxx, YYxxyxyXXyxyxyX) -> (YYXYXyyx, YXYXyxyXYXYxx) -> (YYXYXyyx, YXYxxyXYxyX) -> (YYXXyyx, YXyXyxxYXyx)","null","68","43","sub_auto_complete_adjusted_length","total_length","4809426","YYxxxYXX","YXYxxyXyXYx","false","true","false","false","","0","0.4932386635446156","65878882","133563905","48","19","875113","875113","3286700","node_budget_exhausted","1000000"
"0","0","0","full","0","0","0","triple_gs_auto_cov_complete_cov_compact_cpp","null","null","","","(YYxxxyXX, YYYYYxxyxyX)","total_length","0","2233792","0.4794631729364238","1071021","181141","3","181141","0.181141","2","0","790738","0.12740223147276952","609597","790739","3","2 -> 2 -> 5","XXyxxY -> YY -> XX","2233792","1","auto_cov_plus_complete_cov","929.853","24","36","true","56773532","1000000","144","(YYXYYxx, YXyxYXXYxyx)","18","XXyxxY","x","5000111","21","52500812","22","19_16","5000000","0","null","1000000","deepest","(YYxxxyXX, YYYYYxxyxyX) -> (YYxxxyXX, YYYxxYXyxyX) -> (YYxxxyXX, YXYXyxyXYxx) -> (YXXXyXyxx, YYXyyXYxxx) -> (YYXyXYxyxyx, YXYXYXXyxyx) -> (YYXyXYxyxyx, YYYXyXYXyxyx) -> (YYXyXYxyxyx, YXyXYXXyxYx) -> (YXyXYXXyxYx, YXYXXXyxYxyX) -> (YYXYXXXXXyx, YXYXXXyxYxyX) -> (YYXYXXXXXyx, YXYXYXXyxyx) -> (YYYXXyyx, YYXXXXXyxYx) -> (YYYXXyyx, YYXXXyxYxyX) -> (YYYXXyyx, YYXyxYxyXyX) -> (YYYXYXyyx, YYYXyxxyXX) -> (YYXyXyxYxYx, YXYxyXyXyxx) -> (YXYxyXyXyxx, YXYxYXyXyxxx) -> (YYXyxyxYXYx, YXYxyXyXyxx) -> (YYXyxyxYXYx, YYYXyxyXYxYx) -> (YYYYYXyxxYx, YYYXyxyXYxYx) -> (YYYYYXyxxYx, YYXyXyxYxYx) -> (YYXXyxxx, YYYYYXyxyxx) -> (YYXXyxxx, YYYXyxyXYxx) -> (YYXXyxxx, YXYxyXXyxyx) -> (YXXyxxxYx, YYxyXXXyyx) -> (YYxyxyxYXyX, YXYXYxyxyXX) -> (YYxyxyxYXyX, YYYxyxyXYXyX) -> (YYxyxyxYXyX, YXyXYxYxyXX) -> (YXyXYxYxyXX, YXYXyxYxyXXX) -> (YYxyXXXXXYX, YXYXyxYxyXXX) -> (YYxyXXXXXYX, YXYXYxyxyXX) -> (YYYxyyXX, YYxYxyXXXXX) -> (YYYxyyXX, YYXyxYxyXXX) -> (YYYxyyXX, YYXyXyxYxyX) -> (YYYxyyXYX, YYYXXyxxyX) -> (YYYxyyXYX, YYYXyxxyXYXYX) -> (YYYxyyXYX, YYYXyxxYXyyX) -> (YYYxyyXYX, YYxyXXyyxyxyx) -> (YYYxyyXYX, YYxxYXXyyX) -> (YYxxYXXyyX, YYYxxxyXXyX) -> (YYxxYXXyyX, YXXyxxYXXXyxx) -> (YYYYYxyyyyX, YYYYxxYYXXyyyyX) -> (YYXXXyxx, YYYYYxyyyyX) -> (YYXXXyxx, YYYYYxyyXXXyx) -> (YYXXXyxx, YYYYYXXyXyx) -> (YYXXXyxx, YYYXXYxyXyx) -> (YYXXXyxx, YXyXyxxyXYx) -> (YXYXXXyxx, YYXyyxxxyX) -> (YYxyxYXyXyX, YXXyXyXyxYx) -> (YXXyXyXyxYx, YXyxYxYxxxyX) -> (YYxYxxxxxyX, YXyxYxYxxxyX) -> (YXYxyxYxxyX, YXyxYxYxxxyX) -> (YYxyxYXyXyX, YXYxyxYxxyX) -> (YYxyXYXyxyx, YXyxxyxYXXyX) -> (YYxyXYXyxyx, YYxxxyXYXyx) -> (YYYxxyyX, YYxyXYXyxyx) -> (YYYxYxyyX, YYYxyXXyxx) -> (YYxyxyXYXYX, YXYXYxyXyxx) -> (YXYXYxyXyxx, YYYxyXyxYXYX) -> (YYxyXyXYxYX, YYYxyXyxYXYX) -> (YYYYYxyXXYX, YYYxyXyxYXYX) -> (YYYYYxyXXYX, YYxyxyXYXYX) -> (YYxxyXXX, YYYYYxyXyXX) -> (YYxxyXXX, YYYxyXyxYXX) -> (YYxxyXXX, YXyxxyXyXYx) -> (YXYxxyXXX, YYXyxxxyyX) -> (YYXyXyXYxyx, YXyXyxxYxYx) -> (YYXyXyXYxyx, YYYXyXyxYxyx) -> (YYXyXyXYxyx, YXYXyxxYxyx) -> (YXYXyxxYxyx, YXyXyXXXYxyx) -> (YYXyxxxxxYx, YXyXyXXXYxyx) -> (YYXyxxxxxYx, YXyXyxxYxYx) -> (YYYXyyxx, YYXYXyxxxxx) -> (YYYXyyxx, YYXyyXXYxxxxx) -> (YYYXyyxx, YXXXXXyxxxx) -> (YXXXXXyxxxx, YYYXyxxxxxyXX) -> (YXXXXXyxxxx, YYYxxxxyxyXX) -> (YXXXXXyxxxx, YYxxxxYXyxyXX) -> (YXXXXXyxxxx, YXyxxxxyXXYXXXYx) -> (YXXXXXyxxxx, YXyXyxxYXXXYx) -> (YXXXXXyxxxx, YXyXyXXYxxYx) -> (YYXyyXXYx, YXXXXXyxxxx) -> (YYXyyXXYx, YYXyyxxYXXXX) -> (YYXyyXXYx, YYXyXXXXYYXyx) -> (YYXyyXXYx, YYXyyxxYxyyXYxyx) -> (YYXyyXXYx, YYXYxyyXYxyyXYXyx) -> (YYXYxYYXX, YYYXyxYYXYxyyXYxyyX) -> (YYXYxYYXX, YYYYXXXYxyyyxYYXyx) -> (YYxxYXYxYxx, YYYxxYYYxxYXyyXXyxx) -> (YYxxYXYxYxx, YYYxYxxyXXyyyXXYxx) -> (YYxxYXYxYxx, YYYxYxYxYxxyXXYxx) -> (YXYxxyxYxyx, YYxxxxyxyXYXYxyx) -> (YXYxxyxYxyx, YYxyxYYxxxxxxyx) -> (YXYxxyxYxyx, YXYXXyxYxxxxxxyx) -> (YXYxxyxYxyx, YXXXXyxYxxxxxyX) -> (YXyXYXXyxxxyX, YXXXXyxYxxxxxyX) -> (YXyXYXXyxxxyX, YXXyXXyXYxxxyX) -> (YYxxyxYXyXXyX, YXXyXXyXYxxxyX) -> (YYxxyxYXyXXyX, YXXyXYxxyXXyX) -> (YXXyXYxxyXXyX, YXYxxyXXXyXXyX) -> (YXXyXYxxyXXyX, YXXyXyXYxxxxx) -> (YYXXyxYxxyx, YXYxxyXXXyx) -> (YYXXyxYxxyx, YYxxyxYXXXyx) -> (YYXXyxYxxyx, YYxyXYXXyxxyx) -> (YYXXyxYxxyx, YYxyXyXYXXyxyx) -> (YYXYXyxxyxyyx, YYXYXyxyyxYxyXX) -> (YYXYXyxxyxyyx, YYXYXyyxYxyXXX) -> (YYXYXyyxYxyXXX, YYXYXXyxYxyXXXX) -> (YYXyxYxyXYXyX, YYXYXyyxYxyXXX) -> (YXyXYxYXyxYxyX, YYXyXyxYxyXXXYx) -> (YXyXYxYXyxYxyX, YYXyyXyxYxyXXYx) -> (YXyXYxYXyxYxyX, YYYxyyXyxYXyXYx) -> (YYYYxyyXXyXYx, YYYxyyXyxYXyXYx) -> (YYXYxyyXyXYx, YYYYxyyXXyXYx) -> (YYXyyXYxyyx, YYXYxyyXyXYx) -> (YYYXyxYxyyX, YYXYxyyXXYx) -> (YYXYxyyXXYx, YYYxyyXYXXYx) -> (YYXYxyyXXYx, YYXyyXyxxyXYx) -> (YYXYxyyXXYx, YYXyXyxxyXYXYx) -> (YYxyXyXXYxxYx, YYxxYxYXyXXyxyX) -> (YYxyXyXXYxxYx, YYYxxYxYXXyxyX) -> (YYYxxYxYXXyxyX, YYYYxxYxYYXyxyX) -> (YXYxyXXyxyXyx, YYYxxYxYXXyxyX) -> (YXYxyXYXyxyXyx, YYYxyxxYXYXyxyX) -> (YXYxyXYXyxyXyx, YYxyxxYXXYXyxyX) -> (YXYxyXYXyxyXyx, YXYxyxxxyXXYXyx) -> (YYXYxyxxxxyXX, YXYxyxxxyXXYXyx) -> (YXYxyxxYxyXX, YYXYxyxxxxyXX) -> (YXyxxyXXYxx, YXYxyxxYxyXX) -> (YYXyxxxxyXX, YXyXXYXyxxxyxx) -> (YYXyxxxxyXX, YXyXXyxxYXyxx) -> (YYxyXXYxyXX, YXyxxxxxxyXXYXX) -> (YYxyXXYxyXX, YXyXXYXyxxxxxyxx) -> (YYxyXXYxyXX, YXyXXXXXYxyxxxx) -> (YXYxyXXYxyXX, YXyXXXXXYxyxxxx) -> (YXYxyXXYxyXX, YXyXXXXyxxYXyxxxxxx) -> (YXYxyXXYxyXX, YXyXXXyXXYxxxxx) -> (YYxyXXyxx, YXyxxYXyxxxxyxx) -> (YYxyXXyxx, YYXXXXYxyXXyXX) -> (YYxyXXyxx, YYXXXXyXXXX) -> (YYXyxxyXX, YXXYXXXXyXXXX) -> (YYXyxxyXX, YYXXXXXyXXXXXX) -> (YYXYYxYx, YYYXYYYxxYYYXYYxx) -> (YYXYYxYx, YYYXYYYxxYXyx) -> (YYXYYxYx, YXyXYxxYXyx) -> (YYXYYxx, YXyxYXXYxyx)","null","144","44","sub_auto_complete_adjusted_length","total_length","4784822","YYxxxyXX","YYYYYxxyxyX","false","true","false","false","","0","0.475124049065235","55689133","117209670","105","19","790739","790739","3481981","node_budget_exhausted","1000000"
"0","0","0","full","0","0","0","triple_gs_auto_cov_complete_cov_compact_cpp","null","null","","","(YYYxyXX, YYxxyXyXYX)","total_length","0","2512286","0.5159707135254505","1296266","159667","0","159667","0.159667","2","0","828595","0.18550230779725993","668928","828596","3","","","2512286","1","auto_cov_plus_complete_cov","868.832","24","0","true","63097660","1000000","0","(YYYxyXX, YYxxyXyXYX)","17","null","null","5000093","24","60000884","24","17_30","5000000","0","null","1000000","deepest","(YYYxyXX, YYxxyXyXYX)","null","0","45","sub_auto_complete_adjusted_length","total_length","3606036","YYYxyXX","YYxxyXyXYX","false","true","false","false","","0","0.5360607379031649","61794527","115275234","0","17","828596","828596","2268180","node_budget_exhausted","1000000"
"0","0","0","full","0","0","0","triple_gs_auto_cov_complete_cov_compact_cpp","null","null","","","(YYxxyX, YYYYYXyxxyx)","total_length","0","1316759","0.5180044336131365","682087","75734","0","75734","0.075734","2","0","915592","0.1896902624785913","839858","915593","3","","","1316759","1","auto_cov_plus_complete_cov","570.479","24","0","true","66164031","1000000","0","(YYxxyX, YYYYYXyxxyx)","17","null","null","5000067","25","62500631","23","17_31","5000000","0","null","1000000","deepest","(YYxxyX, YYYYYXyxxyx)","null","0","46","sub_auto_complete_adjusted_length","total_length","4427523","YYxxyX","YYYYYXyxxyx","false","true","false","false","","0","0.5304354812020596","65477273","123440598","0","17","915593","915593","2747807","node_budget_exhausted","1000000"
"0","0","0","full","0","0","0","triple_gs_auto_cov_complete_cov_compact_cpp","null","null","","","(YYYxyyx, YXXXXXyxxxxxx)","total_length","0","825040","0.7177373218268205","592162","100390","0","100390","0.10039","2","0","899261","0.16210422123433382","798871","899262","3","","","825040","1","auto_cov_plus_complete_cov","992.928","24","0","true","41730028","1000000","0","(YYYxyyx, YXXXXXyxxxxxx)","20","null","null","5000053","15","37500376","18","20_1","5000000","0","null","1000000","deepest","(YYYxyyx, YXXXXXyxxxxxx)","null","0","47","sub_auto_complete_adjusted_length","total_length","4928132","YYYxyyx","YXXXXXyxxxxxx","false","true","false","false","","0","0.44357452703108585","41137653","92741243","0","20","899262","899262","3330390","node_budget_exhausted","1000000"
"0","0","0","full","0","0","0","triple_gs_auto_cov_complete_cov_compact_cpp","null","null","","","(YXXyxxx, YYYYYYxyyyyyX)","total_length","0","1063122","0.6990966229651912","743225","115190","0","115190","0.11519","2","0","884513","0.28520760995531275","769323","884514","3","","","1063122","1","auto_cov_plus_complete_cov","609.655","24","0","true","44478431","1000000","0","(YXXyxxx, YYYYYYxyyyyyX)","20","null","null","5000111","17","42500660","18","20_2","5000000","0","null","1000000","deepest","(YXXyxxx, YYYYYYxyyyyyX)","null","0","48","sub_auto_complete_adjusted_length","total_length","2697414","YXXyxxx","YYYYYYxyyyyyX","false","true","false","false","","0","0.4609630139964332","43734999","94877458","0","20","884514","884514","1093257","node_budget_exhausted","1000000"
"0","0","0","full","0","0","0","triple_gs_auto_cov_complete_cov_compact_cpp","null","null","","","(YYXXyXX, YYYxyyXyX)","total_length","0","1692979","0.5524770242277075","935332","97720","0","97720","0.09772","2","0","887326","0.27564719521684533","789606","887327","3","","","1692979","1","auto_cov_plus_complete_cov","597.584","24","0","true","57173348","1000000","0","(YYXXyXX, YYYxyyXyX)","16","null","null","5000070","22","55000680","24","16_4","5000000","0","null","1000000","deepest","(YYXXyXX, YYYxyyXyX)","null","0","49","sub_auto_complete_adjusted_length","total_length","2864553","YYXXyXX","YYYxyyXyX","false","true","false","false","","0","0.530538994134505","56229674","105985940","0","16","887327","887327","1285341","node_budget_exhausted","1000000"
"0","0","0","full","0","0","0","triple_gs_auto_cov_complete_cov_compact_cpp","null","null","","","(YYXXYxxx, YYYYYYXyyyyyx)","total_length","0","1534169","0.5097306750429711","782013","151125","2","151125","0.151125","2","0","842403","0.08882385784706698","245310","842404","3","2 -> 3","YYXyyyx -> XYX","1534169","1","auto_cov_plus_complete_cov","1312.193","24","19","true","54722232","1000000","68","(YYXXyxx, YYxyxyXyxyX)","18","YYXyyyx","y","5000122","21","52500626","16","21_2","5000000","0","null","1000000","deepest","(YYXXYxxx, YYYYYYXyyyyyx) -> (YYXXYxxx, YYYYYxyyyyXXYxx) -> (YYXXYxxx, YYYYYxyyXXYxYxx) -> (YYXXYxxx, YYYYYXYxYxYxx) -> (YYXXYxxx, YYYXYxYxYXyxx) -> (YYXXYxxx, YXYxYxYXyXyxx) -> (YXYXXXYxx, YYYXyyxxYXX) -> (YXXyXyXYxYx, YYXyyxYxYXyX) -> (YXXyXyXYxYx, YYXyxYxYXXXyX) -> (YXXyXyXYxYx, YYYxYXXXXXyX) -> (YYYXXyyX, YYXXXXXyXYXYX) -> (YYYXXyyX, YYXXXyXYXYXyx) -> (YYYXXyyX, YYXyXYXYXyxyx) -> (YYYxYxyyx, YYXyyXXXyxx) -> (YYxyxyxYXYX, YXYXyxyXXyxx) -> (YYxyxyxYXYX, YYYxyxyXYxxYX) -> (YYxyxyxYXYX, YYYYYxyxxxYX) -> (YYxxxYXX, YYYYYxxYxYxYX) -> (YYxxxYXX, YYYxxyXYxYxYX) -> (YYxxxYXX, YXYxxyXyXYxYx) -> (YXYxxYXXX, YYYXXYxxyyX) -> (YXYxxYXXX, YYYXXYXYXYxxyX) -> (YXYxxYXXX, YYYxyXXXYxxyX) -> (YXYxxYXXX, YYYxyXXXYXYXYx) -> (YXYxxYXXX, YYYxyyXXXYx) -> (YYYxyyXXXYx, YYYXyyyXXYxx) -> (YYYxyyXXXYx, YYYXyyyxYYXyyyx) -> (YYYYYYxyyyyyX, YYYYYYxyyyyXXXYYx) -> (YYxxYXXX, YYYYYYxyyyyyX) -> (YYxxYXXX, YYYYYXyyyyxxYXX) -> (YYxxYXXX, YYYYYXyyxxYXYXX) -> (YYxxYXXX, YYYYYxYXYXYXX) -> (YYxxYXXX, YYYxYXYXYxyXX) -> (YYxxYXXX, YXYXYxyxyXXYx) -> (YXXYxYxxx, YYYxyyXXYxx) -> (YXYXYxxyxyx, YYXyyXYXyxyx) -> (YXYXYxxyxyx, YYxyXYXYxxxyx) -> (YXYXYxxyxyx, YYYXYxxxxxyx) -> (YYYxxyyx, YYxxxxxyxYxYx) -> (YYYxxyyx, YYxxxyxYxYxyX) -> (YYYxxyyx, YYxyxYxYxyXyX) -> (YYYXYXyyX, YYXyyxxYXXX) -> (YYXyXyXYxYx, YXyXyxxYXXYx) -> (YYXyXyXYxYx, YYYXyXyxYXXYx) -> (YYXyXyXYxYx, YYYYYXyXXXYx) -> (YYXXXYxx, YYYYYXXYXYXYx) -> (YYXXXYxx, YYYXXyxYXYXYx) -> (YYXXXYxx, YXYXYxYXXyxyx) -> (YXXYxxxYx, YYYxxYXXyyx) -> (YXYXYxyxyxx, YYxyxYXYXyyx) -> (YXYXYxyxyxx, YYxyxxxYXYXyx) -> (YXYXYxyxyxx, YYYxyxxxxxYX) -> (YYYxyyxx, YYxYxYxyxxxxx) -> (YYYxyyxx, YYXyxYxYxyxxx) -> (YYYxyyxx, YYXyXyxYxYxyx) -> (YYYXyyXYX, YYXXyxxxyyx) -> (YYYXyyXYX, YYXyxxxyyxyxyx) -> (YXYXYXyxyXYXX, YXYXyxxxxyxyxxyxxyx) -> (YYXYxYYXyXYx, YYYYYYYXXYxYYXXYxYYXXYx) -> (YYXYxYYXyXYx, YYYYYYYXYxyyXyXYxYYXXYx) -> (YYXYxYYXyXYx, YYYYYYYXYxyyyyXyXYx) -> (YYXYxYYXyXYx, YYYYYYXyxyyyyyXYx) -> (YYXYxYYXyXYx, YYYYXYxyyyyXYxYYX) -> (YYXYxYYXyXYx, YYYXYxyyyxyyX) -> (YYXXyxx, YYYYxyyXyxyyXyx) -> (YYXXyxx, YYYYxyyXyXyxyx) -> (YYXXyxx, YYYYXyxyXyxyx) -> (YYXXyxx, YYXyxyXyxyXYxx) -> (YYXXyxx, YYxyxyXyxyX)","null","68","50","sub_auto_complete_adjusted_length","total_length","2761758","YYXXYxxx","YYYYYYXyyyyyx","false","true","false","false","","0","0.46284023313816136","53936857","116534504","47","21","842404","842404","2271138","node_budget_exhausted","1000000"
"0","0","0","full","0","0","0","triple_gs_auto_cov_complete_cov_compact_cpp","null","null","","","(YXyxxxYXX, YYYYYXXXyxx)","total_length","0","993187","0.47171882032285967","468505","101420","0","101420","0.10142","2","0","894043","0.19048634130480077","792623","894044","3","","","993187","1","auto_cov_plus_complete_cov","1139.522","24","0","true","50970641","1000000","0","(YXyxxxYXX, YYYYYXXXyxx)","20","null","null","5000081","19","47500794","19","20_4","5000000","0","null","1000000","deepest","(YXyxxxYXX, YYYYYXXXyxx)","null","0","51","sub_auto_complete_adjusted_length","total_length","4161049","YXyxxxYXX","YYYYYXXXyxx","false","true","false","false","","0","0.45244220249918043","50498608","111613390","0","20","894044","894044","2575803","node_budget_exhausted","1000000"
"0","0","0","full","0","0","0","triple_gs_auto_cov_complete_cov_compact_cpp","null","null","","","(YXXYxYxx, YYYYYYXyyyyyx)","total_length","0","1369242","0.4632614249343798","634317","162056","0","162056","0.162056","2","0","830753","0.17381945466143395","668697","830754","3","","","1369242","1","auto_cov_plus_complete_cov","1699.662","24","0","true","48341018","1000000","0","(YXXYxYxx, YYYYYYXyyyyyx)","21","null","null","5000053","18","45000580","16","21_3","5000000","0","null","1000000","deepest","(YXXYxYxx, YYYYYYXyyyyyx)","null","0","52","sub_auto_complete_adjusted_length","total_length","3847078","YXXYxYxx","YYYYYYXyyyyyx","false","true","false","false","","0","0.45889328438544386","47700834","103947553","0","21","830754","830754","2509684","node_budget_exhausted","1000000"
"0","0","0","full","0","0","0","triple_gs_auto_cov_complete_cov_compact_cpp","null","null","","","(YXyxxyXX, YYYYYYXyyyyyx)","total_length","0","1161046","0.561796862484346","652272","102114","0","102114","0.102114","2","0","888883","0.191547383064577","786769","888884","3","","","1161046","1","auto_cov_plus_complete_cov","846.24","24","0","true","40913154","1000000","0","(YXyxxyXX, YYYYYYXyyyyyx)","21","null","null","5000065","15","37500367","17","21_4","5000000","0","null","1000000","deepest","(YXyxxyXX, YYYYYYXyyyyyx)","null","0","53","sub_auto_complete_adjusted_length","total_length","4107438","YXyxxyXX","YYYYYYXyyyyyx","false","true","false","false","","0","0.42099929549951437","40255154","95618103","0","21","888884","888884","2523903","node_budget_exhausted","1000000"
"0","0","0","full","0","0","0","triple_gs_auto_cov_complete_cov_compact_cpp","null","null","","","(YXXYxxyx, YYYYYYXyyyyyx)","total_length","0","1417805","0.5406491019568982","766535","127370","0","127370","0.12737","2","0","865059","0.28434783848863615","737689","865060","3","","","1417805","1","auto_cov_plus_complete_cov","1076.311","24","0","true","39484514","1000000","0","(YXXYxxyx, YYYYYYXyyyyyx)","21","null","null","5000106","15","37500513","17","21_5","5000000","0","null","1000000","deepest","(YXXYxxyx, YYYYYYXyyyyyx)","null","0","54","sub_auto_complete_adjusted_length","total_length","2594319","YXXYxxyx","YYYYYYXyyyyyx","false","true","false","false","","0","0.42197799073819064","38712152","91739742","0","21","865060","865060","1118941","node_budget_exhausted","1000000"
"0","0","0","full","0","0","0","triple_gs_auto_cov_complete_cov_compact_cpp","null","null","","","(YXyXXyxx, YYYYYYXyyyyyx)","total_length","0","1479676","0.5363518770325395","793627","127660","0","127660","0.12766","2","0","866267","0.16062896539485513","738607","866268","3","","","1479676","1","auto_cov_plus_complete_cov","1069.194","24","0","true","38987623","1000000","0","(YXyXXyxx, YYYYYYXyyyyyx)","21","null","null","5000118","14","35000351","17","21_6","5000000","0","null","1000000","deepest","(YXyXXyxx, YYYYYYXyyyyyx)","null","0","55","sub_auto_complete_adjusted_length","total_length","4598218","YXyXXyxx","YYYYYYXyyyyyx","false","true","false","false","","0","0.4150790159653956","38190769","92008431","0","21","866268","866268","3121004","node_budget_exhausted","1000000"
"0","0","0","full","0","0","0","triple_gs_auto_cov_complete_cov_compact_cpp","null","null","","","(YXyXXYxxx, YYYYYYxxxyXX)","total_length","0","615656","0.505022285172239","310920","64285","0","64285","0.064285","2","0","933851","0.2214601097716982","869566","933852","3","","","615656","1","auto_cov_plus_complete_cov","830.162","24","0","true","50621646","1000000","0","(YXyXXYxxx, YYYYYYxxxyXX)","21","null","null","5000057","19","47500413","17","21_7","5000000","0","null","1000000","deepest","(YXyXXYxxx, YYYYYYxxxyXX)","null","0","56","sub_auto_complete_adjusted_length","total_length","3926513","YXyXXYxxx","YYYYYYxxxyXX","false","true","false","false","","0","0.4673080709449032","50309621","107658361","0","21","933852","933852","2187381","node_budget_exhausted","1000000"
"0","0","0","full","0","0","0","triple_gs_auto_cov_complete_cov_compact_cpp","null","null","","","(YXyxxYXX, YYYYYYXyyyyyx)","total_length","0","1574960","0.5349431096662772","842514","135879","0","135879","0.135879","2","0","856216","0.15174311292705708","720337","856217","3","","","1574960","1","auto_cov_plus_complete_cov","1108.937","24","0","true","39162959","1000000","0","(YXyxxYXX, YYYYYYXyyyyyx)","21","null","null","5000141","14","35000334","17","21_8","5000000","0","null","1000000","deepest","(YXyxxYXX, YYYYYYXyyyyyx)","null","0","57","sub_auto_complete_adjusted_length","total_length","4747082","YXyxxYXX","YYYYYYXyyyyyx","false","true","false","false","","0","0.4141672112570342","38317102","92516020","0","21","856217","856217","3306408","node_budget_exhausted","1000000"
"0","0","0","full","0","0","0","triple_gs_auto_cov_complete_cov_compact_cpp","null","null","","","(YXyxxxyXX, YYYYYXXYxxx)","total_length","0","943076","0.48986507980268823","461980","95960","0","95960","0.09596","2","0","898071","0.1617152753416317","802111","898072","3","","","943076","1","auto_cov_plus_complete_cov","1036.634","24","0","true","49254484","1000000","0","(YXyxxxyXX, YYYYYXXYxxx)","20","null","null","5000064","18","45000614","18","20_5","5000000","0","null","1000000","deepest","(YXyxxxyXX, YYYYYXXYxxx)","null","0","58","sub_auto_complete_adjusted_length","total_length","4960020","YXyxxxyXX","YYYYYXXYxxx","false","true","false","false","","0","0.46693125250219214","48791222","104493374","0","20","898072","898072","3355798","node_budget_exhausted","1000000"
"0","0","0","full","0","0","0","triple_gs_auto_cov_complete_cov_compact_cpp","null","null","","","(YYXXXyxx, YYYXXYxyXyXyx)","total_length","0","977566","0.48993520642084526","478944","104974","0","104974","0.104974","2","0","892621","0.2553354335548313","787647","892622","3","","","977566","1","auto_cov_plus_complete_cov","1145.159","24","1","true","52402739","1000000","2","(YXYXXXyxx, YYYXyyxxxyX)","20","null","null","5000066","20","50000657","21","21_9","5000000","0","null","1000000","deepest","(YYXXXyxx, YYYXXYxyXyXyx) -> (YXYXXXyxx, YYYXyxxxyxyxyX) -> (YXYXXXyxx, YYYXyyxxxyX)","null","2","59","sub_auto_complete_adjusted_length","total_length","3084754","YYXXXyxx","YYYXXYxyXyXyx","false","true","false","false","","0","0.44229122140674004","51923153","117395848","1","21","892622","892622","1509460","node_budget_exhausted","1000000"
"0","0","0","full","0","0","0","triple_gs_auto_cov_complete_cov_compact_cpp","null","null","","","(YXYXYxxx, YYYYYYXyyyyyx)","total_length","0","801169","0.5876163456149701","470780","114968","0","114968","0.114968","2","0","884981","0.2566795559851995","770013","884982","3","","","801169","1","auto_cov_plus_complete_cov","1396.567","24","0","true","57345513","1000000","0","(YXYXYxxx, YYYYYYXyyyyyx)","21","null","null","5000064","22","55000657","16","21_10","5000000","0","null","1000000","deepest","(YXYXYxxx, YYYYYYXyyyyyx)","null","0","60","sub_auto_complete_adjusted_length","total_length","2999900","YXYXYxxx","YYYYYYXyyyyyx","false","true","false","false","","0","0.5350185922815985","56874648","106304059","0","21","884982","884982","1459874","node_budget_exhausted","1000000"
"0","0","0","full","0","0","0","triple_gs_auto_cov_complete_cov_compact_cpp","null","null","","","(YXYxxxyX, YYYYYYXyyyyyx)","total_length","0","654310","0.44787027555745745","293046","81844","0","81844","0.081844","2","0","917881","0.1889426437555977","836037","917882","3","","","654310","1","auto_cov_plus_complete_cov","1125.356","24","0","true","56171285","1000000","0","(YXYxxxyX, YYYYYYXyyyyyx)","21","null","null","5000080","21","52500658","17","21_11","5000000","0","null","1000000","deepest","(YXYxxxyX, YYYYYYXyyyyyx)","null","0","61","sub_auto_complete_adjusted_length","total_length","4424819","YXYxxxyX","YYYYYYXyyyyyx","false","true","false","false","","0","0.4720288598993564","55878075","118378514","0","21","917882","917882","2752745","node_budget_exhausted","1000000"
"0","0","0","full","0","0","0","triple_gs_auto_cov_complete_cov_compact_cpp","null","null","","","(YXyXYxxx, YYYYYYXyyyyyx)","total_length","0","789271","0.4888941820996844","385870","96044","0","96044","0.096044","2","0","903266","0.17687194968840095","807222","903267","3","","","789271","1","auto_cov_plus_complete_cov","1197.494","24","0","true","56353355","1000000","0","(YXyXYxxx, YYYYYYXyyyyyx)","21","null","null","5000071","21","52500654","17","21_12","5000000","0","null","1000000","deepest","(YXyXYxxx, YYYYYYXyyyyyx)","null","0","62","sub_auto_complete_adjusted_length","total_length","4563878","YXyXYxxx","YYYYYYXyyyyyx","false","true","false","false","","0","0.4952386580183273","55967102","113010366","0","21","903267","903267","2949434","node_budget_exhausted","1000000"
"0","0","0","full","0","0","0","triple_gs_auto_cov_complete_cov_compact_cpp","null","null","","","(YXXXyxYx, YYYYYYXyyyyyx)","total_length","0","682020","0.44576552007272513","304021","85450","0","85450","0.08545","2","0","913817","0.18076645937197083","828367","913818","3","","","682020","1","auto_cov_plus_complete_cov","1144.888","24","0","true","56340398","1000000","0","(YXXXyxYx, YYYYYYXyyyyyx)","21","null","null","5000083","21","52500788","17","21_13","5000000","0","null","1000000","deepest","(YXXXyxYx, YYYYYYXyyyyyx)","null","0","63","sub_auto_complete_adjusted_length","total_length","4582526","YXXXyxYx","YYYYYYXyyyyyx","false","true","false","false","","0","0.47084070097904995","56036178","119013029","0","21","913818","913818","2925792","node_budget_exhausted","1000000"
"0","0","0","full","0","0","0","triple_gs_auto_cov_complete_cov_compact_cpp","null","null","","","(YYxxxYXX, YYYYYYXyyyyyx)","total_length","0","579802","0.4930459018768476","285869","66647","0","66647","0.066647","2","0","931480","0.1838187048800006","864833","931481","3","","","579802","1","auto_cov_plus_complete_cov","817.931","24","0","true","51407219","1000000","0","(YYxxxYXX, YYYYYYXyyyyyx)","21","null","null","5000087","19","47500589","16","21_14","5000000","0","null","1000000","deepest","(YYxxxYXX, YYYYYYXyyyyyx)","null","0","64","sub_auto_complete_adjusted_length","total_length","4704815","YYxxxYXX","YYYYYYXyyyyyx","false","true","false","false","","0","0.4353334753588267","51119002","117424928","0","21","931481","931481","2975149","node_budget_exhausted","1000000"
"0","0","0","full","0","0","0","triple_gs_auto_cov_complete_cov_compact_cpp","null","null","","","(YYxxxyXX, YYYYYYXyyyyyx)","total_length","0","606530","0.500374260135525","303492","66489","0","66489","0.066489","2","0","933090","0.18305096989864827","866601","933091","3","","","606530","1","auto_cov_plus_complete_cov","972.585","24","0","true","51434600","1000000","0","(YYxxxyXX, YYYYYYXyyyyyx)","21","null","null","5000091","19","47500505","16","21_15","5000000","0","null","1000000","deepest","(YYxxxyXX, YYYYYYXyyyyyx)","null","0","65","sub_auto_complete_adjusted_length","total_length","4734206","YYxxxyXX","YYYYYYXyyyyyx","false","true","false","false","","0","0.43475274188597457","51130880","117609103","0","21","933091","933091","3001004","node_budget_exhausted","1000000"
"0","0","0","full","0","0","0","triple_gs_auto_cov_complete_cov_compact_cpp","null","null","","","(YYXXyxx, YYYYYXyXyx)","total_length","0","2021414","0.5374262768537271","1086361","134859","0","134859","0.134859","2","0","856581","0.15257151373513994","721722","856582","3","","","2021414","1","auto_cov_plus_complete_cov","1153.169","24","0","true","66644608","1000000","0","(YYXXyxx, YYYYYXyXyx)","17","null","null","5000092","25","62501085","22","17_34","5000000","0","null","1000000","deepest","(YYXXyxx, YYYYYXyXyx)","null","0","66","sub_auto_complete_adjusted_length","total_length","4730385","YYXXyxx","YYYYYXyXyx","false","true","false","false","","0","0.5308437500804731","65553091","123488486","0","17","856582","856582","3286941","node_budget_exhausted","1000000"
"0","0","0","full","0","0","0","triple_gs_auto_cov_complete_cov_compact_cpp","null","null","","","(YYXXyx, YYYXYxyxyXXyX)","total_length","0","2295430","0.5260160405675625","1207433","148041","0","148041","0.148041","2","0","843386","0.2566490804710551","695345","843387","3","","","2295430","1","auto_cov_plus_complete_cov","1202.986","24","1","true","62162808","1000000","2","(YXXyxYx, YYXyyXyxyxx)","18","null","null","5000094","24","60000789","22","19_33","5000000","0","null","1000000","deepest","(YYXXyx, YYYXYxyxyXXyX) -> (YXXyxYx, YYXyyXyXyxYxxx) -> (YXXyxYx, YYXyyXyxyxx)","null","2","67","sub_auto_complete_adjusted_length","total_length","2709322","YYXXyx","YYYXYxyxyXXyX","false","true","false","false","","0","0.5243431115582298","60952028","116244548","1","19","843387","843387","1318632","node_budget_exhausted","1000000"
"0","0","0","full","0","0","0","triple_gs_auto_cov_complete_cov_compact_cpp","null","null","","","(YYxyxYX, YXyXXyxxx)","total_length","0","2333609","0.5257084627287605","1226798","148821","0","148821","0.148821","2","0","842086","0.17038821374096833","693265","842087","3","","","2333609","1","auto_cov_plus_complete_cov","657.516","24","0","true","65936567","1000000","0","(YYxyxYX, YXyXXyxxx)","16","null","null","5000116","25","62501295","24","16_6","5000000","0","null","1000000","deepest","(YYxyxYX, YXyXXyxxx)","null","0","68","sub_auto_complete_adjusted_length","total_length","4068738","YYxyxYX","YXyXXyxxx","false","true","false","false","","0","0.5430662478933861","64704913","119147366","0","16","842087","842087","2593185","node_budget_exhausted","1000000"
"0","0","0","full","0","0","0","triple_gs_auto_cov_complete_cov_compact_cpp","null","null","","","(YYxYxyX, YXXXyxxYx)","total_length","0","1423401","0.5231919887649369","744712","81812","0","81812","0.081812","2","0","906993","0.283853548560645","825181","906994","3","","","1423401","1","auto_cov_plus_complete_cov","626.742","24","1","true","64664746","1000000","1","(YYxyXYX, YYXXXyxx)","15","null","null","5000099","25","62501044","24","16_7","5000000","0","null","1000000","deepest","(YYxYxyX, YXXXyxxYx) -> (YYxyXYX, YYXXXyxx)","null","1","69","sub_auto_complete_adjusted_length","total_length","2907066","YYxYxyX","YXXXyxxYx","false","true","false","false","","0","0.529142624036608","63914383","120788574","0","16","906994","906994","1256708","node_budget_exhausted","1000000"
"0","0","0","full","0","0","0","triple_gs_auto_cov_complete_cov_compact_cpp","null","null","","","(YXXYxxx, YYYYYYYXyyyyyyx)","total_length","0","764675","0.749637427665348","573229","120687","0","120687","0.120687","2","0","879304","0.15826625353410262","758617","879305","3","","","764675","1","auto_cov_plus_complete_cov","1402.867","24","0","true","41655796","1000000","0","(YXXYxxx, YYYYYYYXyyyyyyx)","22","null","null","5000060","15","37500429","16","22_1","5000000","0","null","1000000","deepest","(YXXYxxx, YYYYYYYXyyyyyyx)","null","0","70","sub_auto_complete_adjusted_length","total_length","4793296","YXXYxxx","YYYYYYYXyyyyyyx","false","true","false","false","","0","0.4734254632126659","41082538","86777204","0","22","879305","879305","3276062","node_budget_exhausted","1000000"
"0","0","0","full","0","0","0","triple_gs_auto_cov_complete_cov_compact_cpp","null","null","","","(YYYxyyX, YXXXXXXXyxxxxxx)","total_length","0","404485","0.7246226683313349","293099","54902","0","54902","0.054902","2","0","944933","0.2801411988366676","890031","944934","3","","","404485","1","auto_cov_plus_complete_cov","783.999","24","0","true","47342610","1000000","0","(YYYxyyX, YXXXXXXXyxxxxxx)","22","null","null","5000073","18","45000659","16","22_2","5000000","0","null","1000000","deepest","(YYYxyyX, YXXXXXXXyxxxxxx)","null","0","71","sub_auto_complete_adjusted_length","total_length","3177080","YYYxyyX","YXXXXXXXyxxxxxx","false","true","false","false","","0","0.5086628663700998","47049428","92496290","0","22","944934","944934","1397017","node_budget_exhausted","1000000"
"0","0","0","full","0","0","0","triple_gs_auto_cov_complete_cov_compact_cpp","null","null","","","(YXyXXYxx, YYYYXyXyx)","total_length","0","1700082","0.5268610572901777","895707","111654","0","111654","0.111654","2","0","872303","0.23308560517915577","760649","872304","3","","","1700082","1","auto_cov_plus_complete_cov","1550.338","24","0","true","67615341","1000000","0","(YXyXXYxx, YYYYXyXyx)","17","null","null","5000074","26","65000946","24","17_37","5000000","0","null","1000000","deepest","(YXyXXYxx, YYYYXyXyx)","null","0","72","sub_auto_complete_adjusted_length","total_length","3263389","YXyXXYxx","YYYYXyXyx","false","true","false","false","","0","0.5356749731629405","66711217","124536744","0","17","872304","872304","1742091","node_budget_exhausted","1000000"
"0","0","0","full","0","0","0","triple_gs_auto_cov_complete_cov_compact_cpp","null","null","","","(YYYXXyx, YYXYxyxyXX)","total_length","0","2259964","0.4934052046846764","1115078","159927","0","159927","0.159927","2","0","809505","0.21279792226716085","649578","809506","3","","","2259964","1","auto_cov_plus_complete_cov","1098.759","24","0","true","72564172","1000000","0","(YYYXXyx, YYXYxyxyXX)","17","null","null","5000096","28","70001264","24","17_38","5000000","0","null","1000000","deepest","(YYYXXyx, YYXYxyxyXX)","null","0","73","sub_auto_complete_adjusted_length","total_length","3052558","YYYXXyx","YYXYxyxyXX","false","true","false","false","","0","0.5402337461378153","71441691","132242185","0","17","809506","809506","1753402","node_budget_exhausted","1000000"
"0","0","0","full","0","0","0","triple_gs_auto_cov_complete_cov_compact_cpp","null","null","","","(YYYYXXyyx, YYYYYxyyXX)","total_length","0","1570718","0.5563016403963028","873793","99137","0","99137","0.099137","2","0","892670","0.21447301563277044","793533","892671","3","","","1570718","1","auto_cov_plus_complete_cov","604.734","24","0","true","60506140","1000000","0","(YYYYXXyyx, YYYYYxyyXX)","19","null","null","5000066","23","57500615","18","19_35","5000000","0","null","1000000","deepest","(YYYYXXyyx, YYYYYxyyXX)","null","0","74","sub_auto_complete_adjusted_length","total_length","3699920","YYYYXXyyx","YYYYYxyyXX","false","true","false","false","","0","0.519606835454512","59627803","114755617","0","19","892671","892671","2112854","node_budget_exhausted","1000000"
"0","0","0","full","0","0","0","triple_gs_auto_cov_complete_cov_compact_cpp","null","null","","","(YYXXYxxx, YYYYYYYXyyyyyyx)","total_length","0","829169","0.515688599067259","427593","116794","0","116794","0.116794","2","0","881941","0.22504972202139945","765147","881942","3","","","829169","1","auto_cov_plus_complete_cov","1281.592","24","0","true","50252173","1000000","0","(YYXXYxxx, YYYYYYYXyyyyyyx)","23","null","null","5000063","19","47500623","16","23_1","5000000","0","null","1000000","deepest","(YYXXYxxx, YYYYYYYXyyyyyyx)","null","0","75","sub_auto_complete_adjusted_length","total_length","3399902","YYXXYxxx","YYYYYYYXyyyyyyx","false","true","false","false","","0","0.45150661080959775","49823424","110349268","0","23","881942","881942","1869608","node_budget_exhausted","1000000"
"0","0","0","full","0","0","0","triple_gs_auto_cov_complete_cov_compact_cpp","null","null","","","(YXyxxxYXX, YYYYYYXXXyxx)","total_length","0","905486","0.4958961265000232","449027","116958","0","116958","0.116958","2","0","877969","0.255631366758191","761011","877970","3","","","905486","1","auto_cov_plus_complete_cov","1338.228","24","0","true","52333410","1000000","0","(YXyxxxYXX, YYYYYYXXXyxx)","21","null","null","5000047","20","50000476","17","21_30","5000000","0","null","1000000","deepest","(YXyxxxYXX, YYYYYYXXXyxx)","null","0","76","sub_auto_complete_adjusted_length","total_length","2976986","YXyxxxYXX","YYYYYYXXXyxx","false","true","false","false","","0","0.4725101088210706","51880509","109797670","0","21","877970","877970","1454964","node_budget_exhausted","1000000"
"0","0","0","full","0","0","0","triple_gs_auto_cov_complete_cov_compact_cpp","null","null","","","(YXXYxxxyX, YYYYYYYxxxYXX)","total_length","0","1044659","0.4914407476506688","513388","154754","0","154754","0.154754","2","0","844239","0.16527068427387062","689485","844240","3","","","1044659","1","auto_cov_plus_complete_cov","958.084","24","0","true","51053124","1000000","0","(YXXYxxxyX, YYYYYYYxxxYXX)","22","null","null","5000060","19","47500470","13","22_5","5000000","0","null","1000000","deepest","(YXXYxxxyX, YYYYYYYxxxYXX)","null","0","77","sub_auto_complete_adjusted_length","total_length","4171853","YXXYxxxyX","YYYYYYYxxxYXX","false","true","false","false","","0","0.4773728103684835","50539342","105869754","0","22","844240","844240","2708414","node_budget_exhausted","1000000"
"0","0","0","full","0","0","0","triple_gs_auto_cov_complete_cov_compact_cpp","null","null","","","(YYYYYxxyXXX, YYXyxxyxYXX)","total_length","0","361078","0.578523199973413","208892","32990","0","32990","0.03299","2","0","965033","0.3034264774918075","932043","965034","3","","","361078","1","auto_cov_plus_complete_cov","475.301","24","0","true","39672976","1000000","0","(YYYYYxxyXXX, YYXyxxyxYXX)","22","null","null","5000054","15","37500302","15","22_6","5000000","0","null","1000000","deepest","(YYYYYxxyXXX, YYXyxxyxYXX)","null","0","78","sub_auto_complete_adjusted_length","total_length","3071726","YYYYYxxyXXX","YYXyxxyxYXX","false","true","false","false","","0","0.43432695734054827","39462695","90859419","0","22","965034","965034","1207640","node_budget_exhausted","1000000"
"0","0","0","full","0","0","0","triple_gs_auto_cov_complete_cov_compact_cpp","null","null","","","(YXXYxxyx, YYYYYYYXyyyyyyx)","total_length","0","343997","0.5862638336962241","201673","31264","0","31264","0.031264","2","0","966940","0.35279625634998646","935676","966941","3","","","343997","1","auto_cov_plus_complete_cov","349.497","24","0","true","39248093","1000000","0","(YXXYxxyx, YYYYYYYXyyyyyyx)","23","null","null","5000047","15","37500333","16","23_2","5000000","0","null","1000000","deepest","(YXXYxxyx, YYYYYYYXyyyyyyx)","null","0","79","sub_auto_complete_adjusted_length","total_length","2652171","YXXYxxyx","YYYYYYYXyyyyyyx","false","true","false","false","","0","0.43281194741589724","39045053","90212512","0","23","966941","966941","780819","node_budget_exhausted","1000000"
"0","0","0","full","0","0","0","triple_gs_auto_cov_complete_cov_compact_cpp","null","null","","","(YXyXXyxx, YYYYYYYXyyyyyyx)","total_length","0","362734","0.5886710371787591","213531","32089","0","32089","0.032089","2","0","966403","0.20425342698142313","934314","966404","3","","","362734","1","auto_cov_plus_complete_cov","345.525","24","0","true","38672352","1000000","0","(YXyXXyxx, YYYYYYYXyyyyyyx)","23","null","null","5000035","14","35000288","16","23_3","5000000","0","null","1000000","deepest","(YXyXXyxx, YYYYYYYXyyyyyyx)","null","0","80","sub_auto_complete_adjusted_length","total_length","4574288","YXyXXyxx","YYYYYYYXyyyyyyx","false","true","false","false","","0","0.42699242079311783","38457677","90066416","0","23","966404","966404","2705660","node_budget_exhausted","1000000"
"0","0","0","full","0","0","0","triple_gs_auto_cov_complete_cov_compact_cpp","null","null","","","(YXyXXYxxx, YYYYYYYxxxyXX)","total_length","0","595329","0.5323543788392636","316926","79869","0","79869","0.079869","2","0","919493","0.20434530448794785","839624","919494","3","","","595329","1","auto_cov_plus_complete_cov","925.742","24","0","true","55849612","1000000","0","(YXyXXYxxx, YYYYYYYxxxyXX)","22","null","null","5000062","21","52500517","14","22_7","5000000","0","null","1000000","deepest","(YXyXXYxxx, YYYYYYYxxxyXX)","null","0","81","sub_auto_complete_adjusted_length","total_length","4108849","YXyXXYxxx","YYYYYYYxxxyXX","false","true","false","false","","0","0.4895751805288667","55532406","113429782","0","22","919494","919494","2429601","node_budget_exhausted","1000000"
"0","0","0","full","0","0","0","triple_gs_auto_cov_complete_cov_compact_cpp","null","null","","","(YYYYYxxYXXX, YYXyxxYxyXX)","total_length","0","368654","0.5796058092411855","213674","32734","0","32734","0.032734","2","0","965625","0.1899243247381008","932891","965626","3","","","368654","1","auto_cov_plus_complete_cov","350.151","24","0","true","39012033","1000000","0","(YYYYYxxYXXX, YYXyxxYxyXX)","22","null","null","5000056","14","35000280","16","22_8","5000000","0","null","1000000","deepest","(YYYYYxxYXXX, YYXyxxYxyXX)","null","0","82","sub_auto_complete_adjusted_length","total_length","4911909","YYYYYxxYXXX","YYXyxxYxyXX","false","true","false","false","","0","0.42835800993924306","38797452","90572491","0","22","965626","965626","3046127","node_budget_exhausted","1000000"
"0","0","0","full","0","0","0","triple_gs_auto_cov_complete_cov_compact_cpp","null","null","","","(YXyxxxyXX, YYYYYYXXYxxx)","total_length","0","794708","0.5368160380919784","426612","103663","0","103663","0.103663","2","0","892037","0.18396235880936682","788374","892038","3","","","794708","1","auto_cov_plus_complete_cov","930.513","24","0","true","53601351","1000000","0","(YXyxxxyXX, YYYYYYXXYxxx)","21","null","null","5000057","20","50000544","16","21_31","5000000","0","null","1000000","deepest","(YXyxxxyXX, YYYYYYXXYxxx)","null","0","83","sub_auto_complete_adjusted_length","total_length","4285518","YXyxxxyXX","YYYYYYXXYxxx","false","true","false","false","","0","0.48504788370610474","53172247","109622676","0","21","892038","892038","2708769","node_budget_exhausted","1000000"
"0","0","0","full","0","0","0","triple_gs_auto_cov_complete_cov_compact_cpp","null","null","","","(YYXXXyxx, YYYYYYYXyyyyyyx)","total_length","0","847481","0.5174216295114581","438505","116374","0","116374","0.116374","2","0","883289","0.23688164952147384","766915","883290","3","","","847481","1","auto_cov_plus_complete_cov","972.713","24","0","true","50087619","1000000","0","(YYXXXyxx, YYYYYYYXyyyyyyx)","23","null","null","5000068","19","47500614","16","23_4","5000000","0","null","1000000","deepest","(YYXXXyxx, YYYYYYYXyyyyyyx)","null","0","84","sub_auto_complete_adjusted_length","total_length","3237545","YYXXXyxx","YYYYYYYXyyyyyyx","false","true","false","false","","0","0.45119545539461736","49649034","110038861","0","23","883290","883290","1703715","node_budget_exhausted","1000000"
"0","0","0","full","0","0","0","triple_gs_auto_cov_complete_cov_compact_cpp","null","null","","","(YXYXYxxx, YYYYYYYXyyyyyyx)","total_length","0","853618","0.6315658760710294","539116","169908","0","169908","0.169908","2","0","830083","0.1554284414683341","660175","830084","3","","","853618","1","auto_cov_plus_complete_cov","1972.742","24","0","true","58758132","1000000","0","(YXYXYxxx, YYYYYYYXyyyyyyx)","23","null","null","5000094","22","55000945","16","23_5","5000000","0","null","1000000","deepest","(YXYXYxxx, YYYYYYYXyyyyyyx)","null","0","85","sub_auto_complete_adjusted_length","total_length","4247453","YXYXYxxx","YYYYYYYXyyyyyyx","false","true","false","false","","0","0.577372395976178","58218987","100834379","0","23","830084","830084","2927103","node_budget_exhausted","1000000"
"0","0","0","full","0","0","0","triple_gs_auto_cov_complete_cov_compact_cpp","null","null","","","(YXYxxxyX, YYYYYYYXyyyyyyx)","total_length","0","496688","0.45691258898946624","226943","80249","0","80249","0.080249","2","0","919598","0.24798466975174321","839349","919599","3","","","496688","1","auto_cov_plus_complete_cov","958.292","24","0","true","55126411","1000000","0","(YXYxxxyX, YYYYYYYXyyyyyyx)","23","null","null","5000071","21","52500829","16","23_6","5000000","0","null","1000000","deepest","(YXYxxxyX, YYYYYYYXyyyyyyx)","null","0","86","sub_auto_complete_adjusted_length","total_length","3384681","YXYxxxyX","YYYYYYYXyyyyyyx","false","true","false","false","","0","0.4837617464475926","54899368","113484310","0","23","919599","919599","1705983","node_budget_exhausted","1000000"
"0","0","0","full","0","0","0","triple_gs_auto_cov_complete_cov_compact_cpp","null","null","","","(YXyXYxxx, YYYYYYYXyyyyyyx)","total_length","0","571342","0.498214729531524","284651","90767","0","90767","0.090767","2","0","909040","0.173639975138298","818273","909041","3","","","571342","1","auto_cov_plus_complete_cov","1007.162","24","0","true","56485807","1000000","0","(YXyXYxxx, YYYYYYYXyyyyyyx)","23","null","null","5000077","21","52500843","16","23_7","5000000","0","null","1000000","deepest","(YXyXYxxx, YYYYYYYXyyyyyyx)","null","0","87","sub_auto_complete_adjusted_length","total_length","4712469","YXyXYxxx","YYYYYYYXyyyyyyx","false","true","false","false","","0","0.5062910887564885","56201059","111005428","0","23","909041","909041","3075923","node_budget_exhausted","1000000"
"0","0","0","full","0","0","0","triple_gs_auto_cov_complete_cov_compact_cpp","null","null","","","(YXXXyxYx, YYYYYYYXyyyyyyx)","total_length","0","508497","0.4540164445414624","230866","82135","0","82135","0.082135","2","0","917728","0.24160484092720827","835593","917729","3","","","508497","1","auto_cov_plus_complete_cov","997.789","24","0","true","55205862","1000000","0","(YXXXyxYx, YYYYYYYXyyyyyyx)","23","null","null","5000087","21","52500808","16","23_8","5000000","0","null","1000000","deepest","(YXXXyxYx, YYYYYYYXyyyyyyx)","null","0","88","sub_auto_complete_adjusted_length","total_length","3458511","YXXXyxYx","YYYYYYYXyyyyyyx","false","true","false","false","","0","0.4823932614688628","54974867","113962759","0","23","917729","917729","1787325","node_budget_exhausted","1000000"
"0","0","0","full","0","0","0","triple_gs_auto_cov_complete_cov_compact_cpp","null","null","","","(YYxxxYXX, YXYxxyXyXyXYxYx)","total_length","0","1253247","0.501387994545369","628363","173983","0","173983","0.173983","2","0","824044","0.15850093640880822","650061","824045","3","","","1253247","1","auto_cov_plus_complete_cov","1436.324","24","1","true","48625806","1000000","1","(YXYxxYXXX, YYYXXYxxyyyX)","21","null","null","5000070","18","45000576","16","23_9","5000000","0","null","1000000","deepest","(YYxxxYXX, YXYxxyXyXyXYxYx) -> (YXYxxYXXX, YYYXXYxxyyyX)","null","1","89","sub_auto_complete_adjusted_length","total_length","4101307","YYxxxYXX","YXYxxyXyXyXYxYx","false","true","false","false","","0","0.4536724405564889","47995961","105794306","0","23","824045","824045","2801185","node_budget_exhausted","1000000"
"0","0","0","full","0","0","0","triple_gs_auto_cov_complete_cov_compact_cpp","null","null","","","(YYxxxyXX, YYYYYxxYXyxyxyX)","total_length","0","1279240","0.5015399768612614","641590","172236","0","172236","0.172236","2","0","826915","0.15226891921185107","654679","826916","3","","","1279240","1","auto_cov_plus_complete_cov","1633.866","24","1","true","48817594","1000000","3","(YXXXyXyxx, YYYXyyyXYxxx)","21","null","null","5000072","18","45000544","16","23_10","5000000","0","null","1000000","deepest","(YYxxxyXX, YYYYYxxYXyxyxyX) -> (YYxxxyXX, YYYxxYXYXyxyxyX) -> (YYxxxyXX, YXYXYXyxyxyXYxx) -> (YXXXyXyxx, YYYXyyyXYxxx)","null","3","90","sub_auto_complete_adjusted_length","total_length","4299492","YYxxxyXX","YYYYYxxYXyxyxyX","false","true","false","false","","0","0.45393952259438664","48175843","106128329","2","23","826916","826916","2990134","node_budget_exhausted","1000000"
"0","0","0","full","0","0","0","triple_gs_auto_cov_complete_cov_compact_cpp","null","null","","","(YYYXXYxyX, YYxYXXYXX)","total_length","0","1175494","0.5083173542357511","597524","65927","0","65927","0.065927","2","0","922399","0.19507466490588848","856472","922400","3","","","1175494","1","auto_cov_plus_complete_cov","497.156","24","2","true","66100836","1000000","5","(YXYXyxx, YYYxYxYYX)","16","null","null","5000085","25","62500897","22","18_4","5000000","0","null","1000000","deepest","(YYYXXYxyX, YYxYXXYXX) -> (YXYXYxYxx, YXYxyXYxYx) -> (YYXyxyxYX, YXYXYxYxx) -> (YYYxxYYX, YXYXYxYxx) -> (YYYxYxYYX, YYxYxYXXYx) -> (YXYXyxx, YYYxYxYYX)","null","5","91","sub_auto_complete_adjusted_length","total_length","4390483","YYYXXYxyX","YYxYXXYXX","false","true","false","false","","0","0.526206823292311","65497118","124470294","3","18","922400","922400","2677539","node_budget_exhausted","1000000"
"0","0","0","full","0","0","0","triple_gs_auto_cov_complete_cov_compact_cpp","null","null","","","(YYxxyX, YYYYYYYxyxyXyxx)","total_length","0","738660","0.5536011155335337","408923","49019","0","49019","0.049019","2","0","947448","0.22987389071005815","898429","947449","3","","","738660","1","auto_cov_plus_complete_cov","406.919","24","10","true","60559967","1000000","91","(YYxyXYX, YYXXXyXyxYxx)","19","null","null","5000111","23","57500996","18","21_35","5000000","0","null","1000000","deepest","(YYxxyX, YYYYYYYxyxyXyxx) -> (YYxxyX, YYYYYYYxyXyyyxx) -> (YYxxyX, YYYYYYYxyXyxxyx) -> (YYxxyX, YYYYYYxyXyxxYxx) -> (YYxxyX, YYYYxYXyXyxxYxx) -> (YYxxyX, YYxYXYXyXyxxYxx) -> (YYxxyX, YYYxYXYXyXyxxyx) -> (YYxxyX, YYYxYXYXyXyyyxx) -> (YYxxyX, YYYxYXYXyxyXyxx) -> (YYxxyX, YXYXYXyxyXyxxYx) -> (YXXyXyx, YYYXyyXXyxxYxx) -> (YXXyXyx, YYYYXyyXXyxyx) -> (YXXyXyx, YYYYXyyXYxxyyx) -> (YXXyXyx, YYYYXyXXyxyyx) -> (YXYXXyx, YYYYXXYXyxyyyx) -> (YXYXXyx, YYYYXXYXXXyxyyx) -> (YXYXXyx, YYYYXyXYXyxyyx) -> (YXYXXyx, YYYYXyXYXXXyxyx) -> (YXYXXyx, YYYYXyyXYXyxyx) -> (YYXXyx, YYxyxYxYxyXyXyXyX) -> (YYXXyx, YXyXyXYXyxxyxYxYx) -> (YYXXyx, YXyXYXXXyxxyxYxYx) -> (YYXXyx, YYxyxYxyXyXyXYX) -> (YYXXyx, YYxyxYxyXyXYXXX) -> (YYXXyx, YYxyxYxyXYXXXXX) -> (YYXXyx, YYxyxYxYXXXXXXX) -> (YYXXyx, YYxxxyxYXXXXXXX) -> (YYXXyx, YYxyxYXXXXXXXYx) -> (YYXXyx, YYXYYxyxYXXXXXX) -> (YYXXyx, YYXYYxyxyXYXXXX) -> (YYXXyx, YYXYYxyxyXyXYXX) -> (YYXXyx, YYYXYYxyxyXyXyX) -> (YYXXyx, YYxyxyXyXyXYXYx) -> (YYXYXyx, YYXYxYxyyxyXXX) -> (YYXYXyx, YYXyXXyxxxxYX) -> (YYXYXyx, YYXyxxyXXXXYxx) -> (YYXYXyx, YYXyXyxxxxYXX) -> (YYXYXyx, YYXyxxxyXXXXYx) -> (YYXYXyx, YYXyyxxxxYXXX) -> (YYXyxYx, YXyXyxxxxYXXYx) -> (YYXyxYx, YYYXyXyxxxxYXYx) -> (YYXyxYx, YXYxYXyXXyxxxx) -> (YYXyxYx, YYYXyXXyxxxxYYx) -> (YYXyxYx, YYxYXyXXXyxxxx) -> (YYXyxx, YXYXYXYxyxyxxyXyX) -> (YYXyxx, YXYXYxYxyxxyXyX) -> (YYXyxx, YYYxyxxyXyXYXYx) -> (YYXyxx, YYYYYxyxxyXyXYx) -> (YYXyxx, YYYYYYYxyxxyXyx) -> (YYXyxx, YYYYYYYxxyyyXyx) -> (YYXyxx, YYYYYYYxxyXyxyx) -> (YYXyxx, YYYYYxxyXyxyXYx) -> (YYXyxx, YYYxxyXyxyXYXYx) -> (YYXyxx, YXYXYxYxxyXyxyX) -> (YXyxxYx, YYYxxYxxyXXyyX) -> (YXyxxYx, YYYYxyxyXXyyX) -> (YXyxxYx, YYYYxyyxxYXyyX) -> (YXyxxYx, YYYYxyyxyXXyX) -> (YXYxyXX, YYYYxyyyxyXYXX) -> (YXYxyXX, YYYYxyyxyXXXYXX) -> (YXYxyXX, YYYYxyyxyXYXyX) -> (YXYxyXX, YYYYxyxyXXXYXyX) -> (YXYxyXX, YYYYxyxyXYXyyX) -> (YYxyXX, YYXyXyXyXyxYxYxyx) -> (YYxyXX, YXyXyXYxYxYxyxxyX) -> (YYxyXX, YXyXYxYxYxyxxyXXX) -> (YYxyXX, YYXYXyXyXyxYxyx) -> (YYxyXX, YYXXXYXyXyxYxyx) -> (YYxyXX, YYXXXXXYXyxYxyx) -> (YYxyXX, YYXXXXXXXYxYxyx) -> (YYxyXX, YYXXXXXXXYxyxxx) -> (YYxyXX, YYxYXXXXXXXYxyx) -> (YYxyXX, YYXYYXXXXXXYxyx) -> (YYxyXX, YYXYYXXXXYXyxyx) -> (YYxyXX, YYXYYXXYXyXyxyx) -> (YYxyXX, YYxYXXXYXyXyxyx) -> (YYxyXX, YYxYXYXyXyXyxyx) -> (YYxyXYX, YYXYxxxyyxyXyX) -> (YYxyXYX, YYXYxxxxyXXyX) -> (YYxyXYX, YYxxYXXXXyxxyX) -> (YYxyXYX, YYXXYxxxxyXyX) -> (YYxyXYX, YYXYYXXXyxxyyx) -> (YYxyXYX, YYXYXYXYYXXyxxyyx) -> (YYxyXYX, YYYXyXYYXXyxxyyx) -> (YYxyXYX, YYXyXYYXXyxxyXYYx) -> (YYxyXYX, YYXYxxyyxYxyyXyX) -> (YYxyXYX, YYXYxxyXYYxxyyXyX) -> (YYxyXYX, YYXYxyyxYxxyyXyX) -> (YYxyXYX, YYXYxyXYYxxxyyXyX) -> (YYxyXYX, YYXyxYxxxyyXyX) -> (YYxyXYX, YYXXXyXyxyxyxYx) -> (YYxyXYX, YYXXXyXyxYxx)","null","91","92","sub_auto_complete_adjusted_length","total_length","3908356","YYxxyX","YYYYYYYxyxyXyxx","false","true","false","false","","0","0.47873745403565154","60149243","125641398","81","21","947449","947449","2111522","node_budget_exhausted","1000000"
"0","0","0","full","0","0","0","triple_gs_auto_cov_complete_cov_compact_cpp","null","null","","","(YXXYxxx, YYYYYYYYXyyyyyyyx)","total_length","0","567125","0.784479612078466","444898","114552","0","114552","0.114552","2","0","885447","0.21674165093599598","770895","885448","3","","","567125","1","auto_cov_plus_complete_cov","931.013","24","0","true","42840472","1000000","0","(YXXYxxx, YYYYYYYYXyyyyyyyx)","24","null","null","5000056","16","40000373","14","24_1","5000000","0","null","1000000","deepest","(YXXYxxx, YYYYYYYYXyyyyyyyx)","null","0","93","sub_auto_complete_adjusted_length","total_length","3556746","YXXYxxx","YYYYYYYYXyyyyyyyx","false","true","false","false","","0","0.4939027052664287","42395573","85837904","0","24","885448","885448","1954651","node_budget_exhausted","1000000"
"0","0","0","full","0","0","0","triple_gs_auto_cov_complete_cov_compact_cpp","null","null","","","(YYYXyyx, YXXXXXXXyxxxxxxxx)","total_length","0","648544","0.6812937903981843","441849","116619","0","116619","0.116619","2","0","883380","0.2679791603102258","766761","883381","3","","","648544","1","auto_cov_plus_complete_cov","1356.436","24","0","true","47211621","1000000","0","(YYYXyyx, YXXXXXXXyxxxxxxxx)","24","null","null","5000052","18","45000491","14","24_2","5000000","0","null","1000000","deepest","(YYYXyyx, YXXXXXXXyxxxxxxxx)","null","0","94","sub_auto_complete_adjusted_length","total_length","2861271","YYYXyyx","YXXXXXXXyxxxxxxxx","false","true","false","false","","0","0.5269700110343125","46769771","88752244","0","24","883381","883381","1327749","node_budget_exhausted","1000000"
"0","0","0","full","0","0","0","triple_gs_auto_cov_complete_cov_compact_cpp","null","null","","","(YYYXYxyx, YYXXYxxyXyx)","total_length","0","1242325","0.4937282917111062","613371","95377","0","95377","0.095377","2","0","900346","0.2318662117881289","804969","900347","3","","","1242325","1","auto_cov_plus_complete_cov","721.66","24","11","true","65262981","1000000","39","(YYXYxxyyx, YYxxxyXyX)","18","null","null","5000103","25","62500876","23","19_39","5000000","0","null","1000000","deepest","(YYYXYxyx, YYXXYxxyXyx) -> (YYxyxYxYx, YXYxxyXXyxYx) -> (YYxyxYxYx, YYxxxYXXyxx) -> (YYXyXXX, YXYXyXYXYxyxyX) -> (YYXyXXX, YXYXyxyXXYxyx) -> (YYXyXXX, YXYXyxyXXXXXYx) -> (YYXyXXX, YYXXYxyxyXyxx) -> (YXyXXXYx, YYXyxyXyXXYxx) -> (YXyXXXYx, YYXyyXXXXXYxx) -> (YXyXXXYx, YYXyyXXYxyx) -> (YXyXXXYx, YYXyyxYxyyx) -> (YXYXYxYXX, YYYXXYYxyyX) -> (YYYxxYX, YXYxYxyXyXYxYx) -> (YYYxxYX, YYxyXyxYxYXyX) -> (YYYxxYX, YYYYYxyxYxYXyX) -> (YYYxxYX, YYxyXyXYXyyxx) -> (YYYxyxYX, YYXyyxyxYxyXX) -> (YYYxyxYX, YXYxyxYxyXXYx) -> (YYYxyxYX, YYxyXyxxYXX) -> (YYYxyxYX, YXYxxyXXYxx) -> (YYxYxYxyx, YYxxyXXYxxx) -> (YYXXXyX, YXYXyXYXYXyxyx) -> (YYXXXyX, YXYxyxYXXyxyX) -> (YYXXXyX, YXYxYXXXXXyxyX) -> (YYXXXyX, YYxxyXyxyxYXX) -> (YXXXyXYx, YYxxYXXyXyxyX) -> (YXXXyXYx, YYxxYXXXXXyyX) -> (YXXXyXYx, YYxyxYXXyyX) -> (YXXXyXYx, YYXyyxYYXyX) -> (YXXXyXYx, YYXyxYXXXYXyX) -> (YXXXyXYx, YYYXXXXXXYXyX) -> (YXXXyXYx, YYXXXXXXYxxyX) -> (YXXXyXYxxxx, YXXyxxxyXXXyx) -> (YXXXyXYxxxx, YXXXYxxxxxyX) -> (YXYXXXyxxyx, YXXXyXYxxxx) -> (YXYXXXyxxyx, YXYxYXXXyxyx) -> (YXYXXXyxxyx, YXYxxyXYXyx) -> (YYxxxyXyX, YXyxYxYxxyX) -> (YYxxxyXyX, YXYxxxxxyX) -> (YYXYxxyyx, YYxxxyXyX)","null","39","95","sub_auto_complete_adjusted_length","total_length","3471696","YYYXYxyx","YYXXYxxyXyx","false","true","false","false","","0","0.47752271086103015","64647101","135380160","28","19","900347","900347","1861758","node_budget_exhausted","1000000"
"0","0","0","full","0","0","0","triple_gs_auto_cov_complete_cov_compact_cpp","null","null","","","(YYXyyxx, YXXXyxYx)","total_length","0","1764136","0.5310372896420684","936822","111778","0","111778","0.111778","2","0","876441","0.2770805235614995","764663","876442","3","","","1764136","1","auto_cov_plus_complete_cov","666.481","24","0","true","72108071","1000000","0","(YYXyyxx, YXXXyxYx)","15","null","null","5000101","28","70001217","24","15_12","5000000","0","null","1000000","deepest","(YYXyyxx, YXXXyxYx)","null","0","96","sub_auto_complete_adjusted_length","total_length","2759714","YYXyyxx","YXXXyxYx","false","true","false","false","","0","0.5480386453522218","71165612","129855098","0","15","876442","876442","1230412","node_budget_exhausted","1000000"
"0","0","0","full","0","0","0","triple_gs_auto_cov_complete_cov_compact_cpp","null","null","","","(YXYXyxx, YYYYYYxyXyx)","total_length","0","663688","0.5573673171731296","369918","44257","0","44257","0.044257","2","0","953570","0.2633948395278368","909313","953571","3","","","663688","1","auto_cov_plus_complete_cov","376.081","24","0","true","62588110","1000000","0","(YXYXyxx, YYYYYYxyXyx)","18","null","null","5000093","24","60000868","20","18_6","5000000","0","null","1000000","deepest","(YXYXyxx, YYYYYYxyXyx)","null","0","97","sub_auto_complete_adjusted_length","total_length","3452281","YXYXyxx","YYYYYYxyXyx","false","true","false","false","","0","0.5130608920328009","62216503","121265339","0","18","953571","953571","1633671","node_budget_exhausted","1000000"
"0","0","0","full","0","0","0","triple_gs_auto_cov_complete_cov_compact_cpp","null","null","","","(YYXYXyx, YXYxxxyXXX)","total_length","0","2390740","0.5336402118172616","1275795","157119","0","157119","0.157119","2","0","829710","0.15633961435247548","672591","829711","3","","","2390740","1","auto_cov_plus_complete_cov","574.121","24","1","true","63736444","1000000","1","(YYXyxYx, YYxxxyXXX)","16","null","null","5000093","24","60000810","23","17_41","5000000","0","null","1000000","deepest","(YYXYXyx, YXYxxxyXXX) -> (YYXyxYx, YYxxxyXXX)","null","1","98","sub_auto_complete_adjusted_length","total_length","4302115","YYXYXyx","YXYxxxyXXX","false","true","false","false","","0","0.5340133108296854","62454400","116952890","0","17","829711","829711","2905923","node_budget_exhausted","1000000"
"0","0","0","full","0","0","0","triple_gs_auto_cov_complete_cov_compact_cpp","null","null","","","(YYYXXyx, YYXYXyXyxxx)","total_length","0","1585794","0.5401767190442138","856609","119401","0","119401","0.119401","2","0","878231","0.21952052803187724","758830","878232","3","","","1585794","1","auto_cov_plus_complete_cov","719.879","24","0","true","60318140","1000000","0","(YYYXXyx, YYXYXyXyxxx)","18","null","null","5000080","23","57500807","24","18_8","5000000","0","null","1000000","deepest","(YYYXXyx, YYXYXyXyxxx)","null","0","99","sub_auto_complete_adjusted_length","total_length","3456761","YYYXXyx","YYXYXyXyxxx","false","true","false","false","","0","0.4705597673189253","59460295","126360771","0","18","878232","878232","1939101","node_budget_exhausted","1000000"
"0","0","0","full","0","0","0","triple_gs_auto_cov_complete_cov_compact_cpp","null","null","","","(YYXYYxyyx, YYYYYYYxxxx)","total_length","0","1002103","0.5620021095635878","563184","68940","0","68940","0.06894","2","0","925720","0.23935965885423724","856780","925721","3","","","1002103","1","auto_cov_plus_complete_cov","467.379","24","0","true","47792183","1000000","0","(YYXYYxyyx, YYYYYYYxxxx)","20","null","null","5000064","18","45000555","17","20_10","5000000","0","null","1000000","deepest","(YYXYYxyyx, YYYYYYYxxxx)","null","0","100","sub_auto_complete_adjusted_length","total_length","3579467","YYXYYxyyx","YYYYYYYxxxx","false","true","false","false","","0","0.4556173794575248","47226357","103653546","0","20","925721","925721","1865907","node_budget_exhausted","1000000"
"0","0","0","full","0","0","0","triple_gs_auto_cov_complete_cov_compact_cpp","null","null","","","(YYYxxYX, YXyxxxyXyXyX)","total_length","0","1484873","0.4855957378173083","721048","111641","0","111641","0.111641","2","0","867580","0.16976833286620815","755939","867581","3","","","1484873","1","auto_cov_plus_complete_cov","711.461","24","0","true","63809725","1000000","0","(YYYxxYX, YXyxxxyXyXyX)","19","null","null","5000105","24","60001254","20","19_40","5000000","0","null","1000000","deepest","(YYYxxYX, YXyxxxyXyXyX)","null","0","101","sub_auto_complete_adjusted_length","total_length","4452768","YYYxxYX","YXyxxxyXyXyX","false","true","false","false","","0","0.4872955363608926","63082658","129454619","0","19","867581","867581","2940890","node_budget_exhausted","1000000"
"0","0","0","full","0","0","0","triple_gs_auto_cov_complete_cov_compact_cpp","null","null","","","(YYYxxyX, YXYXyXyxxYx)","total_length","0","1825040","0.5161897821417613","942067","138100","0","138100","0.1381","2","0","840741","0.22065846976345135","702641","840742","3","","","1825040","1","auto_cov_plus_complete_cov","777.726","24","0","true","65120762","1000000","0","(YYYxxyX, YXYXyXyxxYx)","18","null","null","5000126","25","62501010","24","18_9","5000000","0","null","1000000","deepest","(YYYxxyX, YXYXyXyxxYx)","null","0","102","sub_auto_complete_adjusted_length","total_length","3184292","YYYxxyX","YXYXyXyxxYx","false","true","false","false","","0","0.49944162093592553","64172694","128488879","0","18","840742","840742","1779010","node_budget_exhausted","1000000"
"0","0","0","full","0","0","0","triple_gs_auto_cov_complete_cov_compact_cpp","null","null","","","(YYXXYxxx, YYYYYYYYXyyyyyyyx)","total_length","0","784405","0.5225247161861538","409871","125138","0","125138","0.125138","2","0","874641","0.19872198018037893","749503","874642","3","","","784405","1","auto_cov_plus_complete_cov","816.386","24","1","true","50592026","1000000","8","(YXYXXXYxx, YYYYXyyyxxYXX)","22","null","null","5000065","19","47500745","14","25_1","5000000","0","null","1000000","deepest","(YYXXYxxx, YYYYYYYYXyyyyyyyx) -> (YYXXYxxx, YYYYYYYxyyyyyyXXYxx) -> (YYXXYxxx, YYYYYYYxyyyyXXYxYxx) -> (YYXXYxxx, YYYYYYYxyyXXYxYxYxx) -> (YYXXYxxx, YYYYYYYXYxYxYxYxx) -> (YYXXYxxx, YYYYYXYxYxYxYXyxx) -> (YYXXYxxx, YYYXYxYxYxYXyXyxx) -> (YYXXYxxx, YXYxYxYxYXyXyXyxx) -> (YXYXXXYxx, YYYYXyyyxxYXX)","null","8","103","sub_auto_complete_adjusted_length","total_length","3771616","YYXXYxxx","YYYYYYYYXyyyyyyyx","false","true","false","false","","0","0.46036499553529225","50182038","109004895","7","25","874642","874642","2216639","node_budget_exhausted","1000000"
"0","0","0","full","0","0","0","triple_gs_auto_cov_complete_cov_compact_cpp","null","null","","","(YXXYxxYx, YYYYYYYYXyyyyyyyx)","total_length","0","1072433","0.5221016138071096","559919","178106","0","178106","0.178106","2","0","821361","0.1823286697806149","643255","821362","3","","","1072433","1","auto_cov_plus_complete_cov","3349.133","24","13","true","53063708","1000000","31","(YYYxyXyyX, YYYXyyxxxxxxx)","22","null","null","5000091","20","50000859","14","25_2","5000000","0","null","1000000","deepest","(YXXYxxYx, YYYYYYYYXyyyyyyyx) -> (YXYXYxyxx, YYYYYYYYXyyyyyyyx) -> (YXYXYxyxx, YYYYYYYxxYXYXyyyyyyx) -> (YXYXYxyxx, YYYYYYYxxYxYXYXyyyyyx) -> (YYXYxyyxyxYX, YYYYYYxyxxYXYYXyyyyyx) -> (YYXYxyyxyxYX, YYYYYYxyxxxYXYYXyyyyx) -> (YYXYxyyxyxYX, YYYYYYxyxxxxYXYYXyyyx) -> (YYXYxyyxyxYX, YYYYYYxyxxxxxYXYYXyyx) -> (YYXYxyyxyxYX, YYYYYYxyxxxxxxYXYYXyx) -> (YYXYxyyxyxYX, YYYYYYYYxyxxxxxxxYX) -> (YXYXYxyxx, YYYYYYYYxxYxYxYxYxYxYxYX) -> (YXyxxyxxyXX, YYYYYYYXXYXYXYXYXYXYXYXYx) -> (YXyXXyXYxxYx, YYYYYYYXyXXXXXXXXYx) -> (YYXyXyXYx, YYXYXYXYXYXYXYXyXXXXXXXX) -> (YYXyyXyyXYx, YYxxxxxxxyxYxYxYxYxYxYxYx) -> (YYXYXyxyyxyX, YYYYYYYYXYxxxxxxxyx) -> (YXYXYxxyx, YYYYYYYYXYxYxYxYxYxYxYxx) -> (YXXYXXYxxyx, YYYYYYYxYXYXYXYXYXYXYXYXX) -> (YXyXXyXYxYxx, YYYYYYYxYXXXXXXXXyX) -> (YXyXXyXYxYxx, YYYYYYxYXXXXXXYxyXXyX) -> (YXyXXyXYxYxx, YYYYYxYXXXXXXYxxyXXyX) -> (YXyXXyXYxYxx, YYYYxYXXXXXXYxxxyXXyX) -> (YXyXXyXYxYxx, YYYxYXXXXXXYxxxxyXXyX) -> (YXyXXyXYxYxx, YYxYXXXXXXYxxxxxyXXyX) -> (YXyXXyXYxYxx, YXXXXXXYxxxxxxyXXyXYx) -> (YXyXXyXYxYxx, YXXXXXXXyxxxxxxxx) -> (YXyXXXyXYxxYxxx, YXXXXXXXyxxxxxxxx) -> (YXXXXXXXyxxxxxxxx, YXXXXXYxxxxxxyXXXyXYxx) -> (YXXXXXXXyxxxxxxxx, YXyxxxxxyXYxxYXXXXX) -> (YYXyyXYxxxxxxx, YXXXXXXXyxxxxxxxx) -> (YYYXyyxxxxxxx, YYXyyXYxxxxxxx) -> (YYYxyXyyX, YYYXyyxxxxxxx)","null","31","104","sub_auto_complete_adjusted_length","total_length","3527997","YXXYxxYx","YYYYYYYYXyyyyyyyx","false","true","false","false","","0","0.49019470414684413","52503493","107107426","18","25","821362","821362","2241487","node_budget_exhausted","1000000"
"0","0","0","full","0","0","0","triple_gs_auto_cov_complete_cov_compact_cpp","null","null","","","(YXXYxYxx, YYYYYYYYXyyyyyyyx)","total_length","0","657455","0.5457240419496392","358789","116347","0","116347","0.116347","2","0","881299","0.1663659205538745","764952","881300","3","","","657455","1","auto_cov_plus_complete_cov","1687.217","24","14","true","56443260","1000000","37","(YYYXyyXyx, YYYXXXXXXXXyyX)","23","null","null","5000082","21","52500818","14","25_3","5000000","0","null","1000000","deepest","(YXXYxYxx, YYYYYYYYXyyyyyyyx) -> (YXYXYxxyx, YYYYYYYYXyyyyyyyx) -> (YXYXYxxyx, YYYYYYYXyyyyyyXXyxyx) -> (YXYXYxxyx, YYYYYYXyyyyyyXXyXyxyx) -> (YYXYXyxyyxyX, YYYYYYXyyyyyXYXXyxyyx) -> (YYXYXyxyyxyX, YYYYYXyyyyyXYXXXyxyyx) -> (YYXYXyxyyxyX, YYYYYxyyyyXYYXYxxxxyx) -> (YYXYXyxyyxyX, YYYYYxyyyXYYXYxxxxxyx) -> (YYXYXyxyyxyX, YYYYYxyyXYYXYxxxxxxyx) -> (YYXYXyxyyxyX, YYYYYxyXYYXYxxxxxxxyx) -> (YYXYXyxyyxyX, YYYYYYYXYxxxxxxxxyx) -> (YXYXYxxyx, YYYYYYYXYxYxYxYxYxYxYxYxx) -> (YXXYXXYxxyx, YYYYYYYYxYXYXYXYXYXYXYXX) -> (YXyXXyXYxYxx, YYYYYYYYxYXXXXXXXyX) -> (YYxYXyXyX, YYXXXXXXXyXYXYXYXYXYXYXYX) -> (YYxYYxyXyyx, YYxYxYxYxYxYxYxyxxxxxxxx) -> (YYXYxyyxyxYX, YYYYYYYxyxxxxxxxxYX) -> (YXYXYxyxx, YYYYYYYxxYxYxYxYxYxYxYxYX) -> (YXyxxyxxyXX, YYYYYYYYXXYXYXYXYXYXYXYx) -> (YXyXXyXYxxYx, YYYYYYYYXyXXXXXXXYx) -> (YXyXXyXYxxYx, YYYYYYYXyXXyxYXXXXXYx) -> (YXyXXyXYxxYx, YYYYYYXyXXyxxYXXXXXYx) -> (YXyXXyXYxxYx, YYYYYXyXXyxxxYXXXXXYx) -> (YXyXXyXYxxYx, YYYYXyXXyxxxxYXXXXXYx) -> (YXyXXyXYxxYx, YYYXyXXyxxxxxYXXXXXYx) -> (YXyXXyXYxxYx, YYXyXXyxxxxxxYXXXXXYx) -> (YXyXXyXYxxYx, YXyXXyxxxxxxxYXXXXXYx) -> (YXyXXyXYxxYx, YXXXXXXXyxxxxxxxx) -> (YXYXXYXyxyX, YXXXXXXXyxxxxxxxx) -> (YXXXXXXXyxxxxxxxx, YXYXXYXyXXXXXXyxxxxxxx) -> (YXXXXXXXyxxxxxxxx, YXyXXXXXXyXYxxxxxxYXX) -> (YXXXXXXXyxxxxxxxx, YXyXXXXXXyXYXXYxxxxx) -> (YYXyXyXYXXXXXXX, YXXXXXXXyxxxxxxxx) -> (YYXyXyXYXXXXXXX, YXyXyXYxYXXXXXXX) -> (YXyXyXXyxYxYx, YYXyXyXYXXXXXXX) -> (YYYXyyXyx, YYxyxyxxxxxxxxyx) -> (YYYXyyXyx, YYXXXXXXXXYXyyX) -> (YYYXyyXyx, YYYXXXXXXXXyyX)","null","37","105","sub_auto_complete_adjusted_length","total_length","4598009","YXXYxYxx","YYYYYYYYXyyyyyyyx","false","true","false","false","","0","0.49362651786541645","56083286","113614816","23","25","881300","881300","3061142","node_budget_exhausted","1000000"
"0","0","0","full","0","0","0","triple_gs_auto_cov_complete_cov_compact_cpp","null","null","","","(YXyxxyXX, YYYYYYYYXyyyyyyyx)","total_length","0","580189","0.5764621528501919","334457","63332","2","63332","0.063332","2","0","933246","0.18402006397762094","869914","933247","3","2 -> 2","Xyxy -> YXyXY","580189","1","auto_cov_plus_complete_cov","813.88","24","22","true","41421118","1000000","401","(YYXyxxyyxYX, YYYXXXXXXyyx)","23","Xyxy","x","5000080","15","37500421","15","25_4","5000000","0","null","1000000","deepest","(YXyxxyXX, YYYYYYYYXyyyyyyyx) -> (YXyxxyXX, YYYYYYYXyyyyyyyXYXyxx) -> (YXyxxyXX, YYYYYYYxyyyyyyXXYxxyx) -> (YXyxxyXX, YYYYYYYxyyyyyXXYxxxyx) -> (YXyxxyXX, YYYYYYYxyyyyXXYxxxxyx) -> (YXyxxyXX, YYYYYYYxyyyXXYxxxxxyx) -> (YXyxxyXX, YYYYYYYxyyXXYxxxxxxyx) -> (YXyxxyXX, YYYYYYYxyXXYxxxxxxxyx) -> (YXyxxyXX, YYYYYYYXYxxxxxxxxyx) -> (YXyxxyXX, YYYYYYYXYxxxxxxYxyxxx) -> (YXyxxyXX, YYYYYYXYxxxxxxYxyxYXyxx) -> (YXyxxyXX, YYYYYXYxxxxxxYxyxYXXyxx) -> (YXyxxyXX, YYYYXYxxxxxxYxyxYXXXyxx) -> (YXyxxyXX, YYYXYxxxxxxYxyxYXXXXyxx) -> (YXyxxyXX, YYXYxxxxxxYxyxYXXXXXyxx) -> (YXyxxyXX, YXYxxxxxxYxyxYXXXXXXyxx) -> (YXyxxyXX, YXyXXXXXXyXYxxxxxxxyX) -> (YXyxxyXX, YXXXXXXXyxYxxxxxxxxyX) -> (YXYxyxx, YXXXXXXXyxYxxxxxxxxyX) -> (YXYxyxx, YXyXXXXXXXyXYxxxxxxxyX) -> (YXYxyxx, YXyxxyxYXXXXXXXyxYxxxxx) -> (YXYxyxx, YYxyXXXyXYxxxxxxxyXYXX) -> (YXYxyxx, YYYxyXyXYxxxxxxxyXYXX) -> (YXYxyxx, YYYYxyxyXYxxxxxxxyXYXX) -> (YXYxyxx, YYYYxxyxYxxxxxxxyXYXX) -> (YXYxyxx, YYYYxxyxYxxxxxxYxyxYXX) -> (YXYxyxx, YYYYxxyxYxxxxYXyxxyxYXX) -> (YXYxyxx, YYYYxxyxYxxYXyyxxyxYXX) -> (YXYxyxx, YYYYxxyxYYXyyyxxyxYXX) -> (YXYxyxx, YYYYxyxyXYYXyyyxxyxYXX) -> (YXYxyxx, YYYxyyxYxYXyyyxxyXYXX) -> (YXYxxYx, YYYxyXyyXYXyyyxYxxYXyX) -> (YXYxxYx, YYYYxxyXYXyyyxYxxYXyX) -> (YXYxxYx, YYYYxxyXYXyyyxxyXXyX) -> (YXYxxYx, YYYYxxyXYXyyyxxxYXX) -> (YXYxxYx, YYYxyXyyXYXyyyxxxYXX) -> (YXYxxYx, YYYxyxYYXyxyXXyyyxxyXXX) -> (YXYxxYx, YYYxyxYYXyxxYXyyxxyXXX) -> (YXYxxYx, YYYxyxYYXyyxyXXyyxxyXXX) -> (YXYxxYx, YYYxyxYYXyyxxYXyxxyXXX) -> (YXYxxYx, YYYxyxYYXyyxxYxYxYxyXXX) -> (YXYxxYx, YYYxyyXYXyyyxxxYXyXX) -> (YXYxxYx, YYYYxyyXYXyyyxxxYYX) -> (YXYxxYx, YYYYxyyXYXyyyxyxyXYX) -> (YXYxxYx, YYYYxyyXYXyyxxYxxyXYX) -> (YXYxxYx, YYYYxyyXYXyxxYxYxYxxyXYX) -> (YXYxxYx, YYYYxyyXYXyxxYXyxxxyXYX) -> (YXYxxYx, YYYYxyyXYXyxxYXyxxYxxYYX) -> (YXYxxYx, YYYYxyyXYXyxxYXyyxyxYYX) -> (YXYxxYx, YYYYxyyXYxYxYxYXyyxyxYYX) -> (YXYxxYx, YYYYxyyXYxYXyyyxyxYYX) -> (YXYxxYx, YYYYxyyXXXyyyyxyxYYX) -> (YXYxxYx, YYYYxyyXXXyyyxxYxxYYX) -> (YXYxxYx, YYYYxyyXXXyyyxxxyXYX) -> (YXYxxYx, YYYxyyXXXyyyxxxyXXyXX) -> (YXYxxYx, YYYxyyXXXyyyxxxxYXXX) -> (YXYxxYx, YYYxxxYYXyyxxYxYxxyXXXX) -> (YXYxxYx, YYYxxxYYXyyxxYXyxyxyXXXX) -> (YXYxxYx, YYYxxxYYXyyxxYXyxxxYXXX) -> (YXYxxYx, YYYxxxYYXyyxyXXyyxxxYXXX) -> (YXYxxYx, YYYxxxYYXyxxYXyyxxxYXXX) -> (YXYxxYx, YYYxxxYYxYxYxYXyyxxxYXXX) -> (YXYxxYx, YYYxyXyyXXXyyyxxxyXXX) -> (YXYxxYx, YYYYxxyXXXyyyxxxyXXX) -> (YXYxxYx, YYYYxxyXXXyyyxxYxxYXX) -> (YYXXYx, YXYXYXYxxyXXyxyxyxxYxYXXX) -> (YYXXYx, YYXyxyxxYxYXXXYXYXYXYxxyX) -> (YYXXYx, YYYYXyxxYxYXXXYXYXYXYxxyX) -> (YYXXYx, YYYYYYYxYXXXYXYXYXYxxyX) -> (YYXXYx, YYYYYYYxYXXXYXYXYXYYxYX) -> (YYXXYx, YYYYYYxxyXXXYXYXYXYYxYX) -> (YYXXYx, YYYYYYxxyXyyXXYXYXYYxYX) -> (YYXXYx, YYYYYYxxYXXyXXYXYXYYxYX) -> (YYXXYx, YYYYYYxxYXXyXXYXYXYxxyX) -> (YYXXYx, YYYYYYxxYXXyXXYXYxyyxyX) -> (YYXXYx, YYYYYYxxYXXyXXYxyyyyxyX) -> (YYXXYx, YYYYYYYxxyXXyyyyyyxYX) -> (YYXXYx, YYYYYYYYxYXXyyyyyyxYX) -> (YYXXYx, YYYYYYYYxyXyyyyyyyxYX) -> (YYXyXYx, YYYYYYYYxyXyyyyyyyxYX) -> (YYXyXYx, YYYYYYYXYxYXyyyyyyyxYX) -> (YYXyXYx, YYYYYYYxyXyyXYxyyyyyxyX) -> (YYXyXYx, YYYYYYYxyXyyXXYxyyyxyX) -> (YYXyXYx, YYYYYYYxyXyyXXXYxyxyX) -> (YYXyXYx, YYYYYYYxyXyyXXXXYxYxyX) -> (YYXyXYx, YYYYYYYxyXyyXXXXYYxYX) -> (YYXyXYx, YYYYYYXYxYXyyXXXXYYxYX) -> (YYXyXYx, YYYYXyxYYxYXyyXXXXYYxYX) -> (YYXyXYx, YYXyxxYYxYXyyXXXXYYxYX) -> (YYXyXYx, YYxYXyyXXXXYYxYXXyxxx) -> (YYXyXYx, YYxYXyyXXXXYxYxyXXyxxx) -> (YYXyXYx, YYxYXyyXXXYxyxyXXyxxx) -> (YYXYXyX, YYXyxyXXXYxyxxyXyxxxYX) -> (YYXYXyX, YYXyxyXXXXYYxyXyxxxYX) -> (YYXYXyX, YYXyyXXXYxYXyyxxxxYX) -> (YYXYXyX, YYYXyyXXXXYYxyXyxxx) -> (YYXYXyX, YYYXyyXXXYxyxxyXyxxx) -> (YYXYXyX, YYYXyyXXXYYXyXYxxyXyxxx) -> (YYXYXyX, YYYXyyXXYxyyXYxxyXyxxx) -> (YYXYXyX, YYYXyyXXYYXyXXYxxyXyxxx) -> (YYXYXyX, YYYXyyXYxyyXXYxxyXyxxx) -> (YYXYXyX, YYYXyyXYYXyXXXYxxyXyxxx) -> (YYXYXyX, YYYXyxyyXXXYxxyXyxxx) -> (YYXYXyX, YYYXXyXXXXYxxyXyxxx) -> (YYXYXyX, YXyXyXXXYxYXXyxxxxYx) -> (YYXYXyX, YYXYYxyXyXXXXYxxyXyxx) -> (YYXYXyX, YYXYXYXYYxyXyXXXXYxxyXyx) -> (YYXYXyX, YYYxyXyXXXXYxxyXyxYYXyx) -> (YYXYXyX, YYYxyXyXXXXYxxyXYXYXYXyx) -> (YYXYXyX, YYYxyXyXXXXYxxyXYXyxx) -> (YYXYXyX, YYYXXyxxxxYxYXyyyXXX) -> (YYXYXyX, YYYXXyxxxxYxxyyxyyXXX) -> (YYXYXyX, YYYXXyxxxxYxxyXyXXXX) -> (YYXYXyX, YYYXXyxxxYYXYxyXyXXXX) -> (YYXYXyX, YYYXXyxxYYXYXYXYxyXyXXXX) -> (YYXYXyX, YYYXXyxxYYXyxYYxyXyXXXX) -> (YYXYXyX, YYYXXyxxYYXyxYYxyyxyyXXX) -> (YYXYXyX, YYYXyyyXXXYYYXXyxxYYXyx) -> (YYXYXyX, YYYXyyyXXXYYYXXyxxYxyyxx) -> (YYXYXyX, YYYXyyyXXXYYYXXyxYYXyxx) -> (YYXYXyX, YYYXyyyXXXYYYXXYXYXYXyxx) -> (YYXYXyX, YYYXyyyXXXYYYXXYXyxxx) -> (YYXYXyX, YYYXyyyXXXYYYXyyxxxx) -> (YYXYXyX, YYYXyyyXXYxyxYXyyxxxx) -> (YYxxyx, YYYYxyyyXyXyXyXYYxyXXyxYx) -> (YYxxyx, YYYYxyyyXyXyXYxxYxyXXyxYx) -> (YYxxyx, YYYYxyyyXyXYxxxxYxyXXyxYx) -> (YYxxyx, YYYYxyyyXYxxxxxxYxyXXyxYx) -> (YYxxyx, YYYYxyxxxxxxxxYxyXXyxYx) -> (YYxxyx, YYYYxyxxxxxxxxYxyyxYxYx) -> (YYxxyx, YYXyXXXXXXXXYXyyxxyyXyX) -> (YYxxyx, YYXyXXXXXXXXYXyyxxxxyyX) -> (YYxxyx, YYxyxxxxxxxxYxyXXXXXX) -> (YYxxyx, YXyXXXXXXXXYxyxxxxxxx) -> (YXYxxyx, YXyXXXXXXXXYxyxxxxxxx) -> (YXYxxyx, YXyXXXXXXXyXYXyxxxxxxx) -> (YXYxxyx, YXyXXXXXyxYXXYXyxxxxxxx) -> (YXYxxyx, YYXXYXyxxxxxxxYXyXXXyx) -> (YXYxxyx, YYYXXYXyxxxxxxxYXyXyx) -> (YXYxxyx, YYYYXXYXyxxxxxxxYXyxyx) -> (YXYxxyx, YYYYXXYXyxxxxxxxYxyxx) -> (YXYxxyx, YYYYXXYxyxYxxxxxxYxyxx) -> (YXYxxyx, YYYYXXYxyxxyXYxxxxYxyxx) -> (YXYxxyx, YYYYXXYxyxxyyXYxxYxyxx) -> (YXYxxyx, YYYYXXYxyxxyyyXYYxyxx) -> (YXYxxyx, YYYYXXYxyxxyyyXYYXyxyx) -> (YXYxxyx, YYYXXYXyxxyyyXYxYxyyx) -> (YXYxYxx, YYYXyXYxxYxyyyXYXyyXyx) -> (YXYxYxx, YYYYXyXYxxYxyyyXYXyxx) -> (YXYxYxx, YYYYXyXXyxxyyyXYXyxx) -> (YXYxYxx, YYYYXXYxxxyyyXYXyxx) -> (YXYxYxx, YYYXXYxxxyyyXYXyyXyx) -> (YXYxYxx, YYYXXYxxxyyyXYXyyxYXYxx) -> (YXYxYxx, YYYXXXyxxyyXYxxyXYYxyx) -> (YXYxYxx, YYYXXXyxxyyXXyxyyXYYxyx) -> (YXYxYxx, YYYXXXyxxyXYxxyyXYYxyx) -> (YXYxYxx, YYYXXXyxYxYxYxxyyXYYxyx) -> (YXYxYxx, YYYXXyXYxxxyyyXYXyyx) -> (YXYxYxx, YYYYXYYxxxyyyXYXyyx) -> (YXYxYxx, YYYYXYXyxyxyyyXYXyyx) -> (YXYxYxx, YYYYXYXyxxYxxyyXYXyyx) -> (YXYxYxx, YYYYXYXyxxYxYxYxxyXYXyyx) -> (YXYxYxx, YYYYXYXyxxxyXYxxyXYXyyx) -> (YXYxYxx, YYYYXYXyxxxyXYxYxYxYXyyx) -> (YXYxYxx, YYYYXYXyxxxyyXYxYXyyx) -> (YXYxYxx, YYYYXYXyxxxyyyXXXyyx) -> (YXYxYxx, YYYYXYYxxYxxyyyXXXyyx) -> (YXYxYxx, YYYYXYYxyxyyyyXXXyyx) -> (YXYxYxx, YYYYXYXyxYxxyyyXYYxxx) -> (YXYxYxx, YYYYXYXyxYxYxYxxyyXYYxxx) -> (YXYxYxx, YYYYXYXyxxyXYxxyyXYYxxx) -> (YXYxYxx, YYYYXYXyxxyyXXyxyyXYYxxx) -> (YXYxYxx, YYYYXYXyxxyyXYxxyXYYxxx) -> (YXYxYxx, YYYYXYXyxxyyXYxYxYxYYxxx) -> (YXYxYxx, YYYYXYXyxxyyyXYxYYxxx) -> (YXYxYxx, YYYYXYXyxxyyyyXXYxxx) -> (YXYxYxx, YYYYXXYxxYxxyyyXXXyxx) -> (YXYxYxx, YYYYXXXyxxxyyyXXXyxx) -> (YXYxYxx, YYYYXXXyxxxyyXYxYXyxx) -> (YYxYXX, YYXyxxYXYXYXYXXXyxxxxyxyX) -> (YYxYXX, YYXyxxYXYXYXYXXXyxxYYxxyX) -> (YYxYXX, YYYYYYXyxxYXYXYXYXXXyxx) -> (YYxYXX, YYYYYYYXyxxYXYXYXYXXXYx) -> (YYxYXX, YYYYYYYXYxYYXYXYXYXXXYx) -> (YYxYXX, YYYYYYYXYxYYXYXYXXyyXYx) -> (YYxYXX, YYYYYYYXYxYYXYXXyyyyXYx) -> (YYxYXX, YYYYYYYXYxYYXXyyyyyyXYx) -> (YYxYXX, YYYYYYYYxyXyxyyyyyyyXyx) -> (YYxYXX, YYYYYYYYXYxyyyyyyyXyx) -> (YYYxyXyyx, YYYYYYYYXYxyyyyyyyXyx) -> (YYYxyXyyx, YYYYYYYXyxyyyyyxyXyx) -> (YYYxyXyyx, YYYYYXYxyyyyxyXyxYX) -> (YXYXYxxyXyx, YYYYYYYxyXyyx) -> (YXYXYxxyXyx, YYYYYYYXyxyxyXyx) -> (YXYXYxxyXyx, YYYYYYXyxyXyxyx) -> (YYXYxyyx, YYxxxxxxyXXXXXXXyyX) -> (YYXYxyyx, YXXXXXXXyxxxxxxxx) -> (YYXYxyyx, YYXyxyXXXXXXXyxxxxxxx) -> (YYXYxyyx, YYXyyxyXXXXXXXyxxxxxx) -> (YYXYxyyx, YYYxyyXXXXXYxxxxxxxYX) -> (YYXYxyyx, YYYYxyyXXXXYxxxxxxxYX) -> (YYXYxyyx, YYYYYxyyXXXYxxxxxxxYX) -> (YYXYxyyx, YYYYYYxyyXXYxxxxxxxYX) -> (YYXYxyyx, YYYYYYYxyyXYxxxxxxxYX) -> (YYXYxyyx, YYYYYYYYxyxxxxxxxYX) -> (YYXYxyyx, YYYYYYxyxxxxxxxYYYXYx) -> (YYXYxyyx, YYYYYYxyxxxxxxYYXyxYXYx) -> (YYXYxyyx, YYYYYYxyxxxxxYYXyyxYXYx) -> (YYXYxyyx, YYYYYYxyxxxxYYXyyyxYXYx) -> (YYXYxyyx, YYYYYYxyxxxYYXyyyyxYXYx) -> (YYXYxyyx, YYYYYYxyxxYYXyyyyyxYXYx) -> (YYXYxyyx, YYYYYYxyyXYXyyyyyyXyxyX) -> (YYXYxyyx, YYYYYYYxyXyyyyyyXyxyX) -> (YYXYxyyx, YYYYYYxYXyyyyyXyxyXYx) -> (YYXYxyx, YYYYYYYxYXyyyyyyXyxyXYx) -> (YYXYxyx, YYYYYYYxYXyyyyyyyxYXYx) -> (YYXYxyx, YYYYYYYxyXyyyyyXYxyyxyX) -> (YYXYxyx, YYYYYYYxyXyyyXYxxyyxyX) -> (YYXYxyx, YYYYYYYxyXyXYxxxyyxyX) -> (YYXYxyx, YYYYYYYxyXYXYxxxxyyxyX) -> (YYXYxyx, YYYYYYYxYXYYxxxxyyxyX) -> (YYXYxyx, YYYYYYxYXYYxxxxyyxYXYx) -> (YYXYxyx, YYYYxYXYYxxxxyyxYXYYXyx) -> (YYXYxyx, YYXXyxYYxYXYYxxxxyyxYX) -> (YYXYxyx, YYXXXyxxYXYYxxxxyyxYX) -> (YYXYxyx, YYXXXyxxyXYXYxxxxyyxYX) -> (YYXYxyx, YYXXXyxYxYXXYxxxyyxyX) -> (YYxyxYx, YYxYXXXyxyXXyXYxxxyXyx) -> (YYxyxYx, YYxYXXXyxyXYYxxxxyXyx) -> (YYxyxYx, YYXXXyxyXYYxxxxyXyyX) -> (YYxyxYx, YYYXXXyxyXYYxxxxyyx) -> (YYxyxYx, YYYXXXyxyXXyXYxxxyyx) -> (YYxyxYx, YYYXXXyxyXXYxyxYYxxxyyx) -> (YYxyxYx, YYYXXXyxyXXYxyyXYxxyyx) -> (YYxyxYx, YYYXXXyxyXXYxxyxYYxxyyx) -> (YYxyxYx, YYYXXXyxyXXYxxyyXYxyyx) -> (YYxyxYx, YYYXXXyxyXXYxxxyxYYxyyx) -> (YYxyxYx, YYYXXXyxyXXYxxxyyXyx) -> (YYxyxYx, YYYXXXyxyXXYxxxxyxx) -> (YYxyxYx, YXYXXXyxyXXYxxxxyxyX) -> (YYxyxYx, YYXXyxyXXYxxxxyxyXYYx) -> (YYxyxYx, YYXyxyXXYxxxxyxyXYYxYxYx) -> (YYxyxYx, YYYXyxYYXyxyXXYxxxxyxyX) -> (YYxyxYx, YYXyxYYXyxyXXYxxxxyxxYYx) -> (YYxyxYx, YYXyxyXXYxxxxyxxYXYXXyx) -> (YYxyxYx, YXYXXyxYxYxYxyXXYxxxxyxx) -> (YYxyxYx, YXYXXXyxYxyXXYxxxxyxx) -> (YYxyxYx, YYYxxxxyxyXXYXXXXyxx) -> (YYxyxYx, YYYxxxyyXyyXXYXXXXyxx) -> (YYxyxYx, YYYXXXyyyXXYxxxxyxyX) -> (YYxyxYx, YYYXXXyyyXXYxxxyyXyyX) -> (YYxyxYx, YYYYXXXyyyXXYxxxyyyx) -> (YYxyxYx, YYYYXXXyyyXXYxxyyXyXyyx) -> (YYxyxYx, YYYYXXXyyyXXYxxyyXYxyxyx) -> (YYxyxYx, YYYXyxYYXXyxxYYYxxxyyyx) -> (YYxyxYx, YYYxxxyyXyyXYYXyxYYXXyxx) -> (YYxyxYx, YYYxxxxyxyXYYXyxYYXXyxx) -> (YYxyxYx, YYYxxxxyxyXYYXXyyXYXXyxx) -> (YYxyxYx, YYYxxxxyxyXYYXXyxYYXyxx) -> (YYxyxYx, YYYxxxxyxyXYYXXyxYxYxYxx) -> (YYxyxYx, YYYxxxxyxyXYYXXXyxYxx) -> (YYxyxYx, YYYxxxxyxyXYYXXXXyyx) -> (YYxyxYx, YYYxxxyyXyyXYYXXXXyyx) -> (YYxyxYx, YYYXXXyyyXYYxxxxyyyX) -> (YYxyxYx, YYYXXXyyxYYxYxxxxyyyX) -> (YYXyXX, YYYYXYXYXyyxYxxyxyxyxyyyX) -> (YYXyXX, YYYYXYXYXXyXYxxyxyxyxyyyX) -> (YYXyXX, YYYYXYXYXXyXYxxyxyxyyXXyX) -> (YYXyXX, YYYYXYXYXXyXYxxyxyyXXXXyX) -> (YYXyXX, YYYYXYXYXXyXYxxyyXXXXXXyX) -> (YYXyXX, YYYYXYXYXXyXYxyXXXXXXXXyX) -> (YYXyXX, YYYYXYXYXXyXXXYXXXXXXXXyX) -> (YYXyXX, YYYYXYXYXyyXYXXXXXXXXyX) -> (YYXyXX, YYXYXYXyyXYXXXXXXXXyxYx) -> (YYXyXX, YYXYXyxxyXYXXXXXXXXyxYx) -> (YYXyXX, YYXyxxxxyXYXXXXXXXXyxYx) -> (YYXyXX, YXXXXXXXyXYxxxxxxxxyx) -> (YYXyXX, YYxxxxxxyXYXXXXXXXXyX) -> (YXyXXYx, YXXXXXXyXyxYxxxxxxxxyx) -> (YXyXXYx, YXXXXXXXyXYxxxxxxxxyx) -> (YXyXXYx, YXyXYxxxxxxxyXYXXXXXXX) -> (YXyXXYx, YXyxxxxxyxYXXXXXXXyxYxx) -> (YXyXXYx, YYXyxxxyxYXXXXXXXyxYxx) -> (YXyXXYx, YYYXyxyxYXXXXXXXyxYxx) -> (YXyXXYx, YYYYXyXyxYXXXXXXXyxYxx) -> (YXyXXYx, YYYYXXyXYXXXXXXXyxYxx) -> (YXyXXYx, YYYYXXyXYXXXXXXYXyXYxx) -> (YXyXXYx, YYYYXXyXYXXXXYxyXXyXYxx) -> (YXyXXYx, YYYYXXyXYXXYxyyXXyXYxx) -> (YXyXXYx, YYYYXXyXYYxyyyXXyXYxx) -> (YXyXXYx, YYYYXyXyxYYxyyyXXyXYxx) -> (YXyXXYx, YYYXyyXYXYxyyyXXyxYxx) -> (YXYxYXX, YYYXyXYYXYxyyyXYXyxxyx) -> (YXYxYXX, YYYXyXYYXYxyyyXYXXYxx) -> (YXYxYXX, YYYXyXYYXYxyyyXXyxxx) -> (YXYxYXX, YYYXyXYYXYXYXYxyyXXyxxx) -> (YXYxYXX, YYYXyXYYxyXXYxyyXXyxxx) -> (YXYxYXX, YYYXyXYYxyyXyxxyyXXyxxx) -> (YXYxYXX, YYYXyXYYxyyXXYxyXXyxxx) -> (YXYxYXX, YYYXyXYYxyyXXYXYXYXyxxx) -> (YXYxYXX, YYYXyyxYxyyyXXXYxyxx) -> (YXYxYXX, YYYYXyyxYxyyyXXXYYx) -> (YXYxYXX, YYYYXyyxYxyyyXyXyxYx) -> (YXYxYXX, YYYYXyyxYxyyXXYXXyxYx) -> (YXYxYXX, YYYYXyyxYxyXXYXYXYXXyxYx) -> (YXYxYXX, YYYYXyyxYxyXXYxyXXXyxYx) -> (YXYxYXX, YYYYXyyxYXYXYXYxyXXXyxYx) -> (YXYxYXX, YYYYXyyxYXYxyyXXXyxYx) -> (YXYxYXX, YYYYXyyxxxyyyXXXyxYx) -> (YXYxYXX, YYYYXyyxxxyyyXXYXXYYx) -> (YXYxYXX, YYYYXyyxxxyyyyXyXYYx) -> (YXYxYXX, YYYYXXXYYxyyyXXYXyxYx) -> (YXYxYXX, YYYYXXXYYxyyXXYXYXYXyxYx) -> (YXYxYXX, YYYYXXXYYxyyXXYxyXXyxYx) -> (YXYxYXX, YYYXXXYYxyyXXYxyXXyxxyxx) -> (YXYxYXX, YYYXXXYYxyyXXYxyXXXYxxx) -> (YXYxYXX, YYYXXXYYxyyXyxxyyXXXYxxx) -> (YXYxYXX, YYYXXXYYxyXXYxyyXXXYxxx) -> (YXYxYXX, YYYXXXYYXYXYXYxyyXXXYxxx) -> (YXYxYXX, YYYXyxyyxxxyyyXXXyxxx) -> (YXYxYXX, YYYYXXyxxxyyyXXXyxxx) -> (YXYxYXX, YYYYXXyxYXYxyyXXXyxxx) -> (YYxxYX, YYxyXyXXXXyxxxYxYxYxYXXyx) -> (YYxxYX, YYYYxyXXXXyxxxYxYxYxYXXyx) -> (YYxxYX, YYYYYYXXyxxxYxYxYxYXXyx) -> (YYxxYX, YYYYYYXXyxxxYxYxYxYYXYx) -> (YYxxYX, YYYYYYYXYxxxYxYxYxYYXYx) -> (YYxxYX, YYYYYYYXYxyyxxYxYxYYXYx) -> (YYxxYX, YYYYYYYXYxyyxxYxYxYXXyx) -> (YYxxYX, YYYYYYYXYxyyxxYxYXyyXyx) -> (YYxxYX, YYYYYYYXYxxxYxYxYXyyXyx) -> (YYxxYX, YYYYYYYXYxxxYxYXyyyyXyx) -> (YYxxYX, YYYYYYXXyxxxYxYXyyyyXyx) -> (YYxxYX, YYYYYYXXyxxxYXyyyyyyXyx) -> (YYxxYX, YYYYYYYYXYxxyyyyyyXYx) -> (YYxxYX, YYYYYYYYXyxyyyyyyyXYx) -> (YYxyxYX, YYYYYYYYXyxyyyyyyyXYx) -> (YYxyxYX, YYYYYYYXyxyXyyyyyyyXyx) -> (YYxyxYX, YYYYYYYXyxyyxYXyyyyyXyx) -> (YYxyxYX, YYYYYYYXyxyyxxYXyyyXyx) -> (YYxyxYX, YYYYYYYXyxyyxxxYXyXyx) -> (YYxyxYX, YYYYYYYXyxyyxxxxYXYXyx) -> (YYxyxYX, YYYYYYYXyxyyxxxxYYXYx) -> (YYxyxYX, YYYYYYxYXYxyyxxxxYYXYx) -> (YYxyxYX, YYYYxyXYYXYxyyxxxxYYXYx) -> (YYxyxYX, YYXYxYYxyXXYYXYxyyxxxx) -> (YYxyxYX, YYXYxyyxxxxYYXYxxyXXX) -> (YYxyxYX, YYXYxyyxxxxYXYXyxxyXXX) -> (YYxyxYX, YYXYxyyxxxYXyXyxxyXXX) -> (YYxYxyx, YYxyXyxxxYXyXXyxyXXXYx) -> (YYxYxyx, YYXyxyXXXYxYYxyXyxxxx) -> (YYxYxyx, YYXyyXyxxxxYYXyxyXXX) -> (YYxYxyx, YYYxyyxxxxYYXyxyXXX) -> (YYxYxyx, YYYxyyxxxYXyXXyxyXXX) -> (YYxYxyx, YYYxyyxxxYYxyxYXXyxyXXX) -> (YYxYxyx, YYYxyyxxYXyyxYXXyxyXXX) -> (YYxYxyx, YYYxyyxxYYxyxxYXXyxyXXX) -> (YYxYxyx, YYYxyyxYXyyxxYXXyxyXXX) -> (YYxYxyx, YYYxyyxYYxyxxxYXXyxyXXX) -> (YYxYxyx, YYYxyXyyxxxYXXyxyXXX) -> (YYxYxyx, YYYxxyxxxxYXXyxyXXX) -> (YYxYxyx, YXYXyxyxxxxYXXyxyXXX) -> (YYxYxyx, YYXyxyxxxxYXXyxyXXYYx) -> (YYxYxyx, YYXyxyxxxxYXXyxyXYYxYxYx) -> (YYxYxyx, YYYXyxyxxxxYXXyxyXYYxyX) -> (YYxYxyx, YYYXyxyxxxxYXXyxYxYxYxyX) -> (YYxYxyx, YYYXyxyxxxxYXXyxYxyXX) -> (YYxYxyx, YYYXyxyxxxxYXXyyyXXX) -> (YYxYxyx, YYYxxyXXXXYXXyyXyyxxx) -> (YYxYxyx, YYYxxyXXXXYXXyxyxxxx) -> (YYxYxyx, YYYxxyXXXYYxYXyxyxxxx) -> (YYxYxyx, YYYxxyXXYYxYxYxYXyxyxxxx) -> (YYxYxyx, YYYxxyXXYYxyXYYXyxyxxxx) -> (YYxYxyx, YYYxxyXXYYxyXYYXyyXyyxxx) -> (YYxYxyx, YYYXyyyxYXyyxxYXXyyyXXX) -> (YYxYxyx, YYYXyyyxxYYxyxxYXXyyyXXX) -> (YYxYxyx, YYYXyyyxxYXyyxYXXyyyXXX) -> (YYxYxyx, YYYXyyyxxxYYxyxYXXyyyXXX) -> (YYxYxyx, YYYXyyyxxxYXyXXyyyXXX) -> (YYxYxyx, YYYXyyyxxxxYYXyyyXXX) -> (YYxYxyx, YYYXyyyxxxxYYXyxYxyXX) -> (YYXXyX, YYYYXyyyxyxyxyxYYXyxxyXYX) -> (YYXXyX, YYYYXyyyxyxyxYXXYXyxxyXYX) -> (YYXXyX, YYYYXyyyxyxYXXXXYXyxxyXYX) -> (YYXXyX, YYYYXyyyxYXXXXXXYXyxxyXYX) -> (YYXXyX, YYYYXyXXXXXXXXYXyxxyXYX) -> (YYXXyX, YYYYXyXXXXXXXXYXyyXYXYX) -> (YYXXyX, YYXyXXXXXXXXYXyyXYXYYxx) -> (YYXXyX, YYXyyXXyyxyxYYxyxxxxxxx) -> (YYXXyX, YYXyyXXyyxYXXYxyxxxxxxx) -> (YYXXyX, YYXyyXXXXXXYxyxxxxxxx) -> (YYXXyX, YYXyXXXXXXXXYXyxxxxxx) -> (YYXXyX, YXyXXXXXXXYxyxxxxxxxx) -> (YXXyXYxxx, YXyXXXXXXXYxyxxxxxxxx) -> (YXXyXYxxx, YXyXYXXXXXYXyxxxxxxx) -> (YXXyXYxxx, YXyXYXXXXYxyxxxxxyx) -> (YYxyxyxYXyX, YXXyXYxxxxxxx) -> (YYxyxyxYXyX, YYXyXYxxxxxxxxyxYXyX) -> (YYXyxxxxxxxxyyX, YYXyyxxxxxxxxYxyyX) -> (YYYxyyXYYXyxyyx, YYXyxxxxxxxxyyX) -> (YYYXXXXXXyyx, YYXyxxxxxxxxyyX) -> (YYXyxxyyxYX, YYYXXXXXXyyx)","null","401","106","sub_auto_complete_adjusted_length","total_length","4727278","YXyxxyXX","YYYYYYYYXyyyyyyyx","false","true","false","false","","0","0.457902872717952","41084631","89723462","377","25","933247","933247","2987450","node_budget_exhausted","1000000"
"0","0","0","full","0","0","0","triple_gs_auto_cov_complete_cov_compact_cpp","null","null","","","(YXXYxxyx, YYYYYYYYXyyyyyyyx)","total_length","0","546597","0.582630347404029","318464","59477","0","59477","0.059477","2","0","937593","0.20737667500078524","878116","937594","3","","","546597","1","auto_cov_plus_complete_cov","783.914","24","1","true","40916212","1000000","22","(YYxyXyXYXyx, YXXyxxxxxxxyX)","24","null","null","5000075","15","37500449","15","25_5","5000000","0","null","1000000","deepest","(YXXYxxyx, YYYYYYYYXyyyyyyyx) -> (YXXYxxyx, YYYYYYYYxyxYXXyyyyyyx) -> (YXXYxxyx, YYYYYYYYxyxxYXXyyyyyx) -> (YXXYxxyx, YYYYYYYYxyxxxYXXyyyyx) -> (YXXYxxyx, YYYYYYYYxyxxxxYXXyyyx) -> (YXXYxxyx, YYYYYYYYxyxxxxxYXXyyx) -> (YXXYxxyx, YYYYYYYYxyxxxxxxYXXyx) -> (YXXYxxyx, YYYYYYYYxyxxxxxxxYX) -> (YXXYxxyx, YYYYYYYYxxxyxYxxxxxYX) -> (YXXYxxyx, YYYYYYYxxyXYxyxYxxxxxYX) -> (YXXYxxyx, YYYYYYxxyXXYxyxYxxxxxYX) -> (YXXYxxyx, YYYYYYxxyXXYXyxxxxxxxYX) -> (YXXYxxyx, YYYYYxxyXXXYXyxxxxxxxYX) -> (YXXYxxyx, YYYYxxyXXXXYXyxxxxxxxYX) -> (YXXYxxyx, YYYYxxyXXXXYxyxYxxxxxYX) -> (YXXYxxyx, YYYxxyXXXXXYxyxYxxxxxYX) -> (YXXYxxyx, YYxxyXXXXXXYxyxYxxxxxYX) -> (YXXYxxyx, YYxxyXXXXXXYXyxxxxxxxYX) -> (YXXYxxyx, YXYxxyXXXXXXXYXyxxxxxxx) -> (YXXYxxyx, YXyXXXXXXXYxyxxxxxxxx) -> (YXXYxxyx, YXyXXXXXyXYXyxxxxxxxx) -> (YXXYxxyx, YXyXXXXXyXYxyxYxxxxxx) -> (YYxyXyXYXyx, YXXyxxxxxxxyX)","null","22","107","sub_auto_complete_adjusted_length","total_length","4234401","YXXYxxyx","YYYYYYYYXyyyyyyyx","false","true","false","false","","0","0.4562361080203676","40595820","88979849","21","25","937594","937594","2478169","node_budget_exhausted","1000000"
"0","0","0","full","0","0","0","triple_gs_auto_cov_complete_cov_compact_cpp","null","null","","","(YXyXXyxx, YYYYYYYYXyyyyyyyx)","total_length","0","562399","0.582561491041058","327632","59948","0","59948","0.059948","2","0","937504","0.2121102255016842","877556","937505","3","","","562399","1","auto_cov_plus_complete_cov","788.232","24","2","true","40820090","1000000","23","(YYxyxYXyxyX, YXyXXXXXXXyxx)","24","null","null","5000059","15","37500433","15","25_6","5000000","0","null","1000000","deepest","(YXyXXyxx, YYYYYYYYXyyyyyyyx) -> (YXyXXyxx, YYYYYYYYXyyyyyyxxYxyX) -> (YXyXXyxx, YYYYYYYYXyyyyyxxYxxyX) -> (YXyXXyxx, YYYYYYYYXyyyyxxYxxxyX) -> (YXyXXyxx, YYYYYYYYXyyyxxYxxxxyX) -> (YXyXXyxx, YYYYYYYYXyyxxYxxxxxyX) -> (YXyXXyxx, YYYYYYYYXyxxYxxxxxxyX) -> (YXyXXyxx, YYYYYYYYxYxxxxxxxyX) -> (YXyXXyxx, YYYYYYYYxxxYXyxxxxxyX) -> (YXyXXyxx, YYYYYYYYxxxYxYxyxxxyX) -> (YXyXXyxx, YYYYYYYxxYXyxYxYxyxxxyX) -> (YXyXXyxx, YYYYYYxxYXXyxYxYxyxxxyX) -> (YXyXXyxx, YYYYYxxYXXXyxYxYxyxxxyX) -> (YXyXXyxx, YYYYxxYXXXXyxYxYxyxxxyX) -> (YXyXXyxx, YYYxxYXXXXXyxYxYxyxxxyX) -> (YXyXXyxx, YYxxYXXXXXXyxYxYxyxxxyX) -> (YXyXXyxx, YXyXyXYxxxxxxxyXXyxYXXX) -> (YXyXXyxx, YXyXyXYxxxxxxxxyXYXXX) -> (YXyXXyxx, YXyXyxYXyxxxxxxyXYXXX) -> (YXyXXyxx, YXyXyXYxYxyxxxyxYXXXX) -> (YXyXXyxx, YXyXyXYXyxxxxxyxYXXXX) -> (YXyXXXXXXyxx, YYXyXXXXXyXYXyxyx) -> (YXyXXXXXXyxx, YXYxyxYXyxxyX) -> (YYxyxYXyxyX, YXyXXXXXXXyxx)","null","23","108","sub_auto_complete_adjusted_length","total_length","4137264","YXyXXyxx","YYYYYYYYXyyyyyyyx","false","true","false","false","","0","0.45501673201060233","40491079","88988110","21","25","937505","937505","2382152","node_budget_exhausted","1000000"
"0","0","0","full","0","0","0","triple_gs_auto_cov_complete_cov_compact_cpp","null","null","","","(YXXyXyxx, YYYYYYYYXyyyyyyyx)","total_length","0","807924","0.5375753164901649","434320","138719","0","138719","0.138719","2","0","858978","0.18801285232228537","720259","858979","3","","","807924","1","auto_cov_plus_complete_cov","1813.647","24","14","true","55743649","1000000","38","(YYYXyyxyX, YYYXXXXXXXXyyx)","23","null","null","5000081","21","52500766","14","25_7","5000000","0","null","1000000","deepest","(YXXyXyxx, YYYYYYYYXyyyyyyyx) -> (YXYXXyxyx, YYYYYYYYXyyyyyyyx) -> (YXYXXyxyx, YYYYYYYXyyyyyyXYxxyx) -> (YXYXXyxyx, YYYYYYXyyyyyyXYxYxxyx) -> (YYXYXyxyyxYX, YYYYYYXyyyyyXYxxyxyyx) -> (YYXYXyxyyxYX, YYYYYXyyyyyXYxxxyxyyx) -> (YYXYXyxyyxYX, YYYYYxyyyyXYYXYXXXXyx) -> (YYXYXyxyyxYX, YYYYYxyyyXYYXYXXXXXyx) -> (YYXYXyxyyxYX, YYYYYxyyXYYXYXXXXXXyx) -> (YYXYXyxyyxYX, YYYYYxyXYYXYXXXXXXXyx) -> (YYXYXyxyyxYX, YYYYYYYXYXXXXXXXXyx) -> (YXYXXyxyx, YYYYYYYXXyXyXyXyXyXyXyXyx) -> (YXXYXXyxxyx, YYYYYYYYxxyxyxyxyxyxyxyX) -> (YXyXXyXyxYxx, YYYYYYYYxYxxxxxxxyX) -> (YYxYxyXyX, YYxxxxxxxyXYXYXYXYXYXYXYX) -> (YYxYYxyXyyX, YYxYxYxYxYxYxYxyXXXXXXXX) -> (YYXYxyyxyXYX, YYYYYYYxyXXXXXXXXYX) -> (YXYXyxyxx, YYYYYYYxyXyXyXyXyXyXyXyXX) -> (YXyxxyxxYXX, YYYYYYYYXyxyxyxyxyxyxyxx) -> (YXyXXyxYxxYx, YYYYYYYYXyxxxxxxxYx) -> (YXyXXyxYxxYx, YYYYYYYXyxxxxxyXYxxYx) -> (YXyXXyxYxxYx, YYYYYYXyxxxxxyXXYxxYx) -> (YXyXXyxYxxYx, YYYYYXyxxxxxyXXXYxxYx) -> (YXyXXyxYxxYx, YYYYXyxxxxxyXXXXYxxYx) -> (YXyXXyxYxxYx, YYYXyxxxxxyXXXXXYxxYx) -> (YXyXXyxYxxYx, YYXyxxxxxyXXXXXXYxxYx) -> (YXyXXyxYxxYx, YXyxxxxxyXXXXXXXYxxYx) -> (YXyXXyxYxxYx, YXXXXXXXyxxxxxxxx) -> (YXYXXYXyxyx, YXXXXXXXyxxxxxxxx) -> (YXXXXXXXyxxxxxxxx, YXYxyxxyXXXXXXyxxxxxxx) -> (YXXXXXXXyxxxxxxxx, YXYxyXXXXXyxxyxxxxxxx) -> (YXXXXXXXyxxxxxxxx, YXyXXXXXXyxYXXYxxxxx) -> (YYXyXyxYXXXXXXX, YXXXXXXXyxxxxxxxx) -> (YYYXyXyXXXXXXX, YYXyXyxYXXXXXXX) -> (YYxYxyXyXyx, YYYXyXyXXXXXXX) -> (YYYXyyxyX, YYxyxyxyxxxxxxx) -> (YYYXyyxyX, YYxyxyxxxxxxxxyX) -> (YYYXyyxyX, YYXXXXXXXXYXyyx) -> (YYYXyyxyX, YYYXXXXXXXXyyx)","null","38","109","sub_auto_complete_adjusted_length","total_length","3830903","YXXyXyxx","YYYYYYYYXyyyyyyyx","false","true","false","false","","0","0.5003019460613615","55308153","110549546","24","25","858979","858979","2383904","node_budget_exhausted","1000000"
"0","0","0","full","0","0","0","triple_gs_auto_cov_complete_cov_compact_cpp","null","null","","","(YXyxxYXX, YYYYYYYYXyyyyyyyx)","total_length","0","594610","0.5852592455559106","348001","63369","2","63369","0.063369","2","0","933596","0.20441654768968548","870227","933597","3","2 -> 2","xYXy -> YxyXY","594610","1","auto_cov_plus_complete_cov","824.937","24","23","true","40950688","1000000","396","(YYXYxyyXXyx, YYYxyyxxxxxx)","23","xYXy","x","5000057","15","37500419","15","25_8","5000000","0","null","1000000","deepest","(YXyxxYXX, YYYYYYYYXyyyyyyyx) -> (YXyxxYXX, YYYYYYYXYXyxxyyyyyyyX) -> (YXyxxYXX, YYYYYYYXYXXyxxyyyyyyX) -> (YXyxxYXX, YYYYYYYXYXXXyxxyyyyyX) -> (YXyxxYXX, YYYYYYYXYXXXXyxxyyyyX) -> (YXyxxYXX, YYYYYYYXYXXXXXyxxyyyX) -> (YXyxxYXX, YYYYYYYXYXXXXXXyxxyyX) -> (YXyxxYXX, YYYYYYYXYXXXXXXXyxxyX) -> (YXyxxYXX, YYYYYYYXYXXXXXXXXyx) -> (YXyxxYXX, YYYYYYYXXXYxyXXXXXXyx) -> (YXyxxYXX, YYYYYYYXXXYXYXyXXXXyx) -> (YXyxxYXX, YYYYYYXXYxyXYXYXyXXXXyx) -> (YXyxxYXX, YYYYYXXYxxyXYXYXyXXXXyx) -> (YXyxxYXX, YYYYYXXYYXyxYXYXyXXXXyx) -> (YXyxxYXX, YYYYXXYxYXyxYXYXyXXXXyx) -> (YXyxxYXX, YYYXXYxxYXyxYXYXyXXXXyx) -> (YXyxxYXX, YYXXYxxxYXyxYXYXyXXXXyx) -> (YXyxxYXX, YXYXyXXXXyxYXXYxxxxYXyx) -> (YXyxxYXX, YXYXyXXXXyXYxxxxxYXyx) -> (YXyxxYXX, YXyXYxyXXXXXyxYxxxxxx) -> (YXyxxYXX, YXyxYXXXXXXXyxYxxxxxx) -> (YXyxxYXX, YXXXXXXXyxYxxxxxxxxyX) -> (YXyxxYx, YXXXXXXXyxYxxxxxxxxyX) -> (YXyxxYx, YXyxYxxxxxxxyxYXXXXXXX) -> (YXyxxYx, YXXyxYxxxxxxxyxYXXXXXYx) -> (YXyxxYx, YYXXyxYxxxxxxxyxYXXXYx) -> (YXyxxYx, YYYXXyxYxxxxxxxyxYXYx) -> (YXyxxYx, YYYYXXyxYxxxxxxxyxYxYx) -> (YXyxxYx, YYYYXXyxYxxxxxxxyXYxx) -> (YXyxxYx, YYYYXXyXYxyxxxxxxyXYxx) -> (YXyxxYx, YYYYXXyXYxxyXyxxxxyXYxx) -> (YXyxxYx, YYYYXXyXYxxyyXyxxyXYxx) -> (YXyxxYx, YYYYXXyXYxxyyyXyyXYxx) -> (YXyxxYx, YYYYXXyXYxxyyyXyyxYxYx) -> (YXyxxYx, YYYXXyXYxxyyyXyyxYXYx) -> (YXYxyXX, YYYXYXyxxyxyyyXyxyXYYx) -> (YXYxyXX, YYYXYXyxxxyyyXyyxYXYx) -> (YXYxyXX, YYYXXyxxxyyyXyxyXYYx) -> (YXYxyXX, YYYXXyxxxyyyXXYxyXyXYYx) -> (YXYxyXX, YYYXXyxxxyyXyxxyXyXYYx) -> (YXYxyXX, YYYXXyxxxyyXXYxyyXyXYYx) -> (YXYxyXX, YYYXXyxxxyXyxxyyXyXYYx) -> (YXYxyXX, YYYXyxxYXXXYxxyyyXyyxYx) -> (YXYxyXX, YYYXXYXXYxxyyyXyyxYx) -> (YXYxyXX, YYYYXyXYxxyyyXyyxYx) -> (YXYxyXX, YYYYXyyxxYxyyyXyyxYx) -> (YXYxyXX, YYYYXyyxxxyxxyyXyyxYx) -> (YXYxyXX, YYYYXyyxxxxyXXYxyyXyyxYx) -> (YXYxyXX, YYYYXyyxxxxyXyxxyXyyxYx) -> (YXYxyXX, YYYYXyXYxyxxyXyxxyXyyxYx) -> (YXYxyXX, YYYYXyXYYxyyXyxxyXyyxYx) -> (YXYxyXX, YYYYXyXYYxyyyXXYxyXyyxYx) -> (YXYxyXX, YYYYXyXYYxyyyXyxyyxYx) -> (YXYxyXX, YYYYXyyxYxyyyyXyXYxx) -> (YXYxyXX, YYYYXyXYxyxxyyyXXyxYx) -> (YXYxyXX, YYYYXyyxxxxyyyXXyxYx) -> (YXYxyXX, YYYXXYXyxxxxyyyXXyxYx) -> (YXYxyXX, YYYXXXyxxxxyyyXyXYxx) -> (YXYxyXX, YYYXXXyxxxyxyxxyyXyXYxx) -> (YXYxyXX, YYYXXXyxxYxyXyxxyyXyXYxx) -> (YXYxyXX, YYYXXXXYxxyXyxxyyXyXYxx) -> (YXYxyXX, YYYXXXXYxxyyXXYxyyXyXYxx) -> (YXYxyXX, YYYXXXXYxxyyXyxxyXyXYxx) -> (YXYxyXX, YYYXXyxxxxyyyXXyxYxYXyxx) -> (YXYxyXX, YYYXXyxxxxyyyXXyxYXYx) -> (YXYxyXX, YYYYXXyxxxxyyyXXyxxx) -> (YXYxyXX, YYYYXXyxxxxyyyXXXYxyx) -> (YYxyXX, YXyxxxYxYxYXXXYxxyXyXyXyX) -> (YYxyXX, YYxxYxYXXXYxxyXyXyXyXYXyx) -> (YYxyXX, YYYYxxYXXXYxxyXyXyXyXYXyx) -> (YYxyXX, YYYYYYXXYxxyXyXyXyXYXyx) -> (YYxyXX, YYYYYYXXYxxyXyXyXyXXXYx) -> (YYxyXX, YYYYYYYXyxxyXyXyXyXXXYx) -> (YYxyXX, YYYYYYYXYxyyXyXyXyXXXYx) -> (YYxyXX, YYYYYYYXYxyyXyXyXXyyXYx) -> (YYxyXX, YYYYYYYXYxyyXyXXyyyyXYx) -> (YYxyXX, YYYYYYYXYxyyXXyyyyyyXYx) -> (YYxyXX, YYYYYYYYxYXyxyyyyyyyXyx) -> (YYxyXX, YYYYYYYYXYxyyyyyyyXyx) -> (YYxyXX, YYYYYYYYXyxxyyyyyyXyx) -> (YYxyXYX, YYYYYYYYXyxyxyyyyyyXyx) -> (YYxyXYX, YYYYYYYYXYxyyyyyyyXyx) -> (YYxyXYX, YYYYYYYXYxyXyyyyyyyXYx) -> (YYxyXYX, YYYYYYYXYxyyXYXyyyyyXYx) -> (YYxyXYX, YYYYYYYXYxyyXXYXyyyXYx) -> (YYxyXYX, YYYYYYYXYxyyXXXYXyXYx) -> (YYxyXYX, YYYYYYYXYxyyXXXXYXYXYx) -> (YYxyXYX, YYYYYYYXYxyyXXXXYYXyx) -> (YYxyXYX, YYYYYYxYXyxyyXXXXYYXyx) -> (YYxyXYX, YYYYxyxYYXyxyyXXXXYYXyx) -> (YYxyXYX, YYXYxyyXXYXyyXYxyyxxxx) -> (YYxyXYX, YYXYxyyXXXYXXYxyyxxxx) -> (YYxyXYX, YYXYxyyXXXYXXyxyxyxxxx) -> (YYxyXYX, YYXYxyyXXXYXXyxYxyxxx) -> (YYxYxyX, YYxyXyXXXYXXyxYxyxxxYx) -> (YYxYxyX, YYYxyXyXXXYXyXYxxyxxx) -> (YYxYxyX, YYYxyyXXXYXXyxYxyxxx) -> (YYxYxyX, YYYxyyXXXYXXyxYxYxYxyxx) -> (YYxYxyX, YYYxyyXXXYXXyxyxYYxyxx) -> (YYxYxyX, YYYxyyXXXYXXyxyxxYXyyxx) -> (YYxYxyX, YYYxyyXXXYXXyxyxxYYxyx) -> (YYxYxyX, YYXyyXyXyXyyXXYXYxxyxxx) -> (YYxYxyX, YYXyyXyyXXXYXYxxyxxx) -> (YYxYxyX, YYXyxyXXXXYXYxxyxxx) -> (YYxYxyX, YYxxyXXXXYXYxxyxxxYX) -> (YYxYxyX, YYYxxyXXXXYXYxxyxxYYx) -> (YYxYxyX, YYYxxyXXXXYXYxxyxYYxYxYx) -> (YYxYxyX, YYYYxxyXXXXYXYxxyxYYxyx) -> (YYxYxyX, YYYYxxyXXXXYXYxxYxYxYxyx) -> (YYxYxyX, YYYYxxyXXXXYXYxxYxyxx) -> (YYxYxyX, YYYYxxyXXXXYXYxyyxxx) -> (YYxYxyX, YYXyxyxxxxYXYxyXyyXXX) -> (YYxYxyX, YYXyxyxxxxYXYxxyXXXX) -> (YYxYxyX, YYXyxyxxxYYxYYxxyXXXX) -> (YYxYxyX, YYXyxyxxYYxYxYxYYxxyXXXX) -> (YYxYxyX, YYYxxyXXXXYYXyxyxxYYxyx) -> (YYxYxyX, YYYxyXyyXXXYYXyxyxxYYxyx) -> (YYxYxyX, YYYYxyyXYXyyXXYXYxyyxxx) -> (YYxYxyX, YYYYxyyXXYYxyXXYXYxyyxxx) -> (YYxYxyX, YYYYxyyXXYXyyXYXYxyyxxx) -> (YYxYxyX, YYYYxyyXXXYYxyXYXYxyyxxx) -> (YYxYxyX, YYYYxyyXXXYXyXYxyyxxx) -> (YYxYxyX, YYYYxyyXXXXYYYxyyxxx) -> (YYxYxyX, YYYYxyyXXXXYYYxxYxyxx) -> (YYxxyX, YYYxyyXYXYXYXYYYxyxxyyxyx) -> (YYxxyX, YYYxyxxyyxYxxYYxyyXYXYXYX) -> (YYxxyX, YYYxyxxxxxxYYxyyXYXYXYX) -> (YYxxyX, YYXyyXXXXXXYXyxxyyxyxyx) -> (YYxxyX, YYXXYxyxxxxxxYYxyXXyXYX) -> (YYxxyX, YYXXXXYxyxxxxxxYYxyXXyX) -> (YYxxyX, YYxyXXXXXXXXYxyxxxxxx) -> (YYxxyX, YXyXXXXXXXXYxyxxxxxxx) -> (YXXyXyx, YXyXXXXXXXXYxyxxxxxxx) -> (YXXyXyx, YXyXXXXXXXYXyxxxxxxxyx) -> (YXXyXyx, YXyXXXXXXXYXyxxxxxyXyxx) -> (YXXyXyx, YYxYXXXYxyxxxxxxxYxyXX) -> (YXXyXyx, YYYxYXYxyxxxxxxxYxyXX) -> (YXXyXyx, YYYYxYxYxyxxxxxxxYxyXX) -> (YXXyXyx, YYYYxxYXyxxxxxxxYxyXX) -> (YXXyXyx, YYYYxxYXyxxxxxxyxYXyXX) -> (YXXyXyx, YYYYxxYXyxxxxyXyxxYXyXX) -> (YXXyXyx, YYYYxxYXyxxyXyyxxYXyXX) -> (YXXyXyx, YYYYxxYXyyXyyyxxYXyXX) -> (YXXyXyx, YYYYxYxYxyyXyyyxxYXyXX) -> (YXXyXyx, YYYxYYXyxyXyyyxxYxyXX) -> (YXYXXyx, YYYxYYXyxyXyyyxyxxyXYX) -> (YXYXXyx, YYYxYYXyxyXyyyxyxYXXX) -> (YXYXXyx, YYYxYYXyxyXyyyxxxyXX) -> (YXYXXyx, YYYxYYXyXyxYXXyyyxxxyXX) -> (YXYXXyx, YYYxYYXyXyxxyXyyxxxyXX) -> (YXYXXyx, YYYxYYXyXyyxYXXyyxxxyXX) -> (YXYXXyx, YYYxYYXyXyyxxyXyxxxyXX) -> (YXYXXyx, YYYxYYXyXyyyxYXXyxxxyXX) -> (YXYXXyx, YYYxYYXyXyyyxxyxxyXX) -> (YXYXXyx, YYYYxYxyyXyyyxxYXyX) -> (YXYXXyx, YYYYxYxyyXyyyxYxxyyX) -> (YXYXXyx, YYYYxYxyyXyyxxyxxxyyX) -> (YXYXXyx, YYYYxYxyyXyyxYXXyxxxxyyX) -> (YXYXXyx, YYYYxYxyyXyxxyXyxxxxyyX) -> (YXYXXyx, YYYxYxyyXyxxyXyxxxxyXYXX) -> (YXYXXyx, YYYxYxyyXyxxyXyxxxYXXXX) -> (YXYXXyx, YYYxYxyyXyxYXXyyxxxYXXXX) -> (YXYXXyx, YYYxYxyyxyXyyxxxYXXXX) -> (YXYXXyx, YYYxYxyXXyyyxxxYXXXX) -> (YXYXXyx, YYYxYxyXXyyyxxxxyXYXX) -> (YXYXXyx, YYYYxYxyXXyyyxxxxyyX) -> (YXYXXyx, YYYYxYxyXXyyyxxyxYXyX) -> (YXYXXyx, YYYYxYxyXXyyyyxYYXyX) -> (YXYXXyx, YYYYxxYXyXyyyxxyxxyyX) -> (YXYXXyx, YYYYxxYXyXyyyxYXXyxxxyyX) -> (YXYXXyx, YYYYxxYXyXyyxxyXyxxxyyX) -> (YXYXXyx, YYYxxYXyXyyxxyXyxxxyXYXX) -> (YXYXXyx, YYYxxYXyXyyxxyXyxxYXXXX) -> (YXYXXyx, YYYxxYXyXyyxYXXyyxxYXXXX) -> (YXYXXyx, YYYxxYXyXyxxyXyyxxYXXXX) -> (YXYXXyx, YYYxxYXyXyxYXXyyyxxYXXXX) -> (YXYXXyx, YYYxYXYxyXXyyyxxxxyXX) -> (YXYXXyx, YYYYxxxyXXyyyxxxxyXX) -> (YXYXXyx, YYYYxxxyXXyyyxxyxYXXX) -> (YYXXyx, YXYxYxYxxxYXXXyXyXyXyxxyX) -> (YYXXyx, YYYXYxYxxxYXXXyXyXyXyxxyX) -> (YYXXyx, YYXYxYxxxYXXXyXyXyXyxxYXX) -> (YYXXyx, YYYYXYxxxYXXXyXyXyXyxxYXX) -> (YYXXyx, YYYYYYxYXXXyXyXyXyxxYXX) -> (YYXXyx, YYYYYYxYXXXyXyXyxyyxYXX) -> (YYXXyx, YYYYYYxYXXXyXyxyyyyxYXX) -> (YYXXyx, YYYYYYXYxxxyXyyyyyyxxyX) -> (YYXXyx, YYYYYYYYxyXyyyyyyxxyX) -> (YYXXyx, YYYYYYYYxyXyyyyyyyxYX) -> (YYYXyxYYX, YYYYYYYYxyXyyyyyyyxYX) -> (YYYXyxYYX, YYYYYYYxYXyyyyyXyxYX) -> (YYYXyxYYX, YYYYYxyXyyyyXyxYXYx) -> (YXYxxyXYXyx, YYYYYYYYXyxYYX) -> (YXYxxyXYXyx, YYYYYYYxYXXyxYX) -> (YXYxxyXYXyx, YYYYYYxYXyxYXX) -> (YXYxxyXYXyx, YYYYYYxxYXXyX) -> (YXYxYxyXXyx, YYYYYYxYxYXyXyyX) -> (YXYxYxyXXyx, YYYYYYxYXyxYXyX) -> (YYXYxyyX, YYxxxxxxyXXXXXXXyyx) -> (YYXYxyyX, YXXXXXXXyxxxxxxxx) -> (YYXYxyyX, YYXYxyXXXXXXXyxxxxxxx) -> (YYXYxyyX, YYXYYxyXXXXXXXyxxxxxx) -> (YYXYxyyX, YYYxyXXXXXXXyxxxxxYYX) -> (YYXYxyyX, YYYYxyXXXXXXXyxxxxYYX) -> (YYXYxyyX, YYYYYxyXXXXXXXyxxxYYX) -> (YYXYxyyX, YYYYYYxyXXXXXXXyxxYYX) -> (YYXYxyyX, YYYYYYYxyXXXXXXXyxYYX) -> (YYXYxyyX, YYYYYYYYxyXXXXXXXYX) -> (YYXYxyyX, YYYYYYxyXXXXXXXYYYXyx) -> (YYXYxyyX, YYYYxyXXXXXXXYYYXYXYx) -> (YYXYxyyX, YYYYxyXXXXXXYYXyxYXYXYx) -> (YYXYxyyX, YYYYxyXXXXXYYXyyxYXYXYx) -> (YYXYxyyX, YYYYxyXXXXXYYXXYxyXYXYx) -> (YYXYxyyX, YYYYxyXXXXYYXyXYxyXYXYx) -> (YYXYxyyX, YYYYxyXXXYYXyyXYxyXYXYx) -> (YYXYxyyX, YYYYxyXXYYXyyyXYxyXYXYx) -> (YYXYxyyX, YYYYxyyxYXyyyyXyxyxYXyx) -> (YYXYxyyX, YYYYYxyXyyyyXyxyxYXyx) -> (YYXYxyyX, YYYYYYYxyXyyyyXyxyxyX) -> (YYXYxyyX, YYYYYYYxyXyyyyyyXYxyX) -> (YYXYxyyX, YYYYYYYYxYXyyyyyyyxyX) -> (YYXyxYx, YYYYYYYYxYXyyyyyyyxyX) -> (YYXyxYx, YYYYYYYXYxyXyyyyyyyxyX) -> (YYXyxYx, YYYYYYYxYXyyxYxyyyyyxYX) -> (YYXyxYx, YYYYYYYxYXyyxxYxyyyxYX) -> (YYXyxYx, YYYYYYYxYXyyxxxYxyxYX) -> (YYXyxYx, YYYYYYYxYXyyxxxxYxYxYX) -> (YYXyxYx, YYYYYYYxYXyyxxxxYYxyX) -> (YYXyxYx, YYYYYYXYxyXyyxxxxYYxyX) -> (YYXyxYx, YYYYXyXYYxyXyyxxxxYYxyX) -> (YYXyxYx, YYXyXXYYxyXyyxxxxYYxyX) -> (YYXyxYx, YYxYXyyxxxYxxYXyyXXXX) -> (YYXyxYx, YYxYXyyxxxYxxyXyXyXXXX) -> (YYXyxYx, YYxYXyyxxxYxxyXYXyXXX) -> (YYXYXyx, YYXyxyxxxYxxyXYXyXXXYX) -> (YYXYXyx, YYYXyxyxxxYxyxYXXyXXX) -> (YYXYXyx, YYYXyyxxxYxxyXYXyXXX) -> (YYXYXyx, YYYXyyxxxYxxyXYXYXYXyXX) -> (YYXYXyx, YYYXyyxxxYxxyXyXYYXyXX) -> (YYXYXyx, YYYXyyxxxYxxyXyXXYxyyXX) -> (YYXYXyx, YYYXyyxxxYxxyXyXXYYXyX) -> (YYXYXyx, YYXYXYXYYXyyxxxYxxyXyXX) -> (YYXYXyx, YYXYYXyyxxxYxxyXyXXX) -> (YYXYXyx, YYxyXyxxxxYxYXXyXXX) -> (YYXYXyx, YYXXyxxxxYxYXXyXXXYx) -> (YYXYXyx, YYYXXyxxxxYxYXXyXXYYX) -> (YYXYXyx, YYYXXyxxxxYxYXXyXYYXYXYX) -> (YYXYXyx, YYYYXXyxxxxYxYXXyXYYXyX) -> (YYXYXyx, YYYYXXyxxxxYxYXXYXYXYXyX) -> (YYXYXyx, YYYYXXyxxxxYxYXXYXyXX) -> (YYXYXyx, YYYYXXyxxxxYxYXyyXXX) -> (YYXYXyx, YYXYxyXyxxxxYxYXyyXXX) -> (YYXYXyx, YYxyXyXXXXYxYXXyxxxx) -> (YYXYXyx, YYXYYXXyxxxxYYxyXyXXX) -> (YYXYXyx, YYXYXYXYYXXyxxxxYYxyXyXX) -> (YYXYXyx, YYYXXyxxxxYYxyXyXXYYXyX) -> (YYXYXyx, YYYXyxyyxxxYYxyXyXXYYXyX) -> (YYXYXyx, YYYYXyyxYxyyxxYxYXyyXXX) -> (YYXYXyx, YYYYXyyxxYYXyxxYxYXyyXXX) -> (YYXYXyx, YYYYXyyxxYxyyxYxYXyyXXX) -> (YYXYXyx, YYYYXyyxxxYYXyxYxYXyyXXX) -> (YYXYXyx, YYYYXyyxxxYxyxYXyyXXX) -> (YYXYXyx, YYYYXyyxxxxYYYXyyXXX) -> (YYXYXyx, YYYYXyyxxxxYYYXXYXyXX) -> (YYXXyx, YYYXyyxYxYxYxYYYXyXXyyXyX) -> (YYXXyx, YYYXyXXyyXYXXYYXyyxYxYxYx) -> (YYXXyx, YYYXyXXXXXXYYXyyxYxYxYx) -> (YYXXyx, YYXyyxYxYxYYxxYXyXXXXXX) -> (YYXXyx, YYXyxxyxYxYYxxYXyXXXXXX) -> (YYXXyx, YYXyyxxxxxxYxyXXyyXyXYX) -> (YYXXyx, YYXyyxxxxxxYxyXXyyXYXXX) -> (YYXXyx, YYXyyxxxxxxYxyXXXXXXX) -> (YYXXyx, YYXyxxxxxxxxYXyXXXXXX) -> (YYXXyx, YXyXXXXXXXYxyxxxxxxxx) -> (YXYXXyx, YXyXXXXXXXYxyxxxxxxxx) -> (YXYXXyx, YXyXXXXXXXYXyxYxxxxxxx) -> (YXYXXyx, YXYxxxxxYXyXXXXXXXYXyxx) -> (YXYXXyx, YYXYxxxYXyXXXXXXXYXyxx) -> (YXYXXyx, YYYXYxYXyXXXXXXXYXyxx) -> (YXYXXyx, YYYYXYXYXyXXXXXXXYXyxx) -> (YXYXXyx, YYYYXXYxyXXXXXXXYXyxx) -> (YXYXXyx, YYYYXXYxyXXXXXXyXYxyxx) -> (YXYXXyx, YYYYXXYxyXXXXyxyXXYxyxx) -> (YXYXXyx, YYYYXXYxyXXyxyyXXYxyxx) -> (YXYXXyx, YYYYXXYxyyxyyyXXYxyxx) -> (YXYXXyx, YYYYXYXYXyyxyyyXXYxyxx) -> (YXYXXyx, YYYXYYxyXyxyyyXXYXyxx) -> (YXXyXyx, YYYXYYxyXyxyyyXyXXyxYx) -> (YXXyXyx, YYYYXXXyyxyyyXyXYxxYx) -> (YXXyXyx, YYYYXXXyyxyyyXXXyxYx) -> (YXXyXyx, YYYYXXXyyxyyyXXYxxx) -> (YXXyXyx, YYYXYYxyXyxyyyXXXyxx) -> (YXXyXyx, YYYXYYxyXyXyXyxyyXXXyxx) -> (YXXyXyx, YYYXYYxyxyXXyxyyXXXyxx) -> (YXXyXyx, YYYXYYxyxyyXYxxyyXXXyxx) -> (YXXyXyx, YYYXYYxyxyyXXyxyXXXyxx) -> (YXXyXyx, YYYXYYxyxyyXXyXyXyXXyxx) -> (YXXyXyx, YYYXYYxyxyyyXXyXXyxx) -> (YXXyXyx, YYYYXYXyyxyyyXXYxyx) -> (YXXyXyx, YYYYXYXyyxyyyXYXXyyx) -> (YXXyXyx, YYYYXYXyyxyyXXyXXXyyx) -> (YXXyXyx, YYYYXYXyyxyXXyXyXyXXXyyx) -> (YXXyXyx, YYYYXYXyyxyXXyxyXXXXyyx) -> (YXXyXyx, YYYYXYXyyXyXyXyxyXXXXyyx) -> (YXXyXyx, YYYYXYXyyXyxyyXXXXyyx) -> (YXXyXyx, YYYYXYXyxxyyyXXXXyyx) -> (YXXyXyx, YYYYXYXyxxyyyXXyXYxyx) -> (YXXyXyx, YYYYXYXyxxyyyyXYYxyx) -> (YXXyXyx, YYYYXXYxyxyyyXXyXXyyx) -> (YXXyXyx, YYYYXXYxyxyyXXyXyXyXXyyx) -> (YXXyXyx, YYYYXXYxyxyyXXyxyXXXyyx) -> (YXXyXyx, YYYXXYxyxyyXXyxyXXXyxYxx) -> (YXXyXyx, YYYXXYxyxyyXXyxyXXYxxxx) -> (YXXyXyx, YYYXXYxyxyyXYxxyyXXYxxxx) -> (YXXyXyx, YYYXXYxyxyXXyxyyXXYxxxx) -> (YXXyXyx, YYYXXYxyXyXyXyxyyXXYxxxx) -> (YXXyXyx, YYYXYxYXyxxyyyXXXXyxx) -> (YXXyXyx, YYYYXXXyxxyyyXXXXyxx) -> (YXXyXyx, YYYYXXXyyXyxyyXXXXyxx) -> (YYxxyX, YYXYxxxyxyxyxyXXYxxxYXYXX) -> (YYxxyX, YYXYxxxyxyxyxyXXYxxYYxYXX) -> (YYxxyX, YYYYYYXYxxxyxyxyxyXXYxx) -> (YYxxyX, YYYYYYXYxxxyxyxyXyyXYxx) -> (YYxxyX, YYYYYYXYxxxyxyXyyyyXYxx) -> (YYxxyX, YYYYYYXYxxxyXyyyyyyXYxx) -> (YYxxyX, YYYYYYYYXyxyyyyyyXXyx) -> (YYxxyX, YYYYYYYYXyxyyyyyyyXYx) -> (YYxYxyX, YYYYYYYYXyxyyyyyyyXYx) -> (YYxYxyX, YYYYYYYXYxyyyyyyyxyXYx) -> (YYxYxyX, YYYYYYYXYxyyyyyxYxyyXYx) -> (YYxYxyX, YYYYYYYXYxyyyxYxxyyXYx) -> (YYxYxyX, YYYYYYYXYxyxYxxxyyXYx) -> (YYxYxyX, YYYYYYYXYxYxYxxxxyyXYx) -> (YYxYxyX, YYYYYYYXyxYYxxxxyyXYx) -> (YYxYxyX, YYYYYYXyxYYxxxxyyXyxYX) -> (YYxYxyX, YYYYXyxYYxxxxyyXyxYYXyX) -> (YYxYxyX, YYXyxYYxxxxyyXyxYYXXyX) -> (YYxYxyX, YYXXXyXXyxYYxxxxyyXyx) -> (YYxYxyX, YYXXXyXXYxYxYxxxxyyXyx) -> (YYxYxyX, YYXXXyXYXyxxYxxxyyXYx) -> (YYxyXYX, YYXYXXXyXYXyxxYxxxyxyX) -> (YYxyXYX, YYYxxxxyxyyxYXYXXXyXX) -> (YYxyXYX, YYYXXXyXXYYYxxxxyxyX) -> (YYxyXYX, YYYXXXXyyyxxYxxxyyX) -> (YYxyXYX, YYYXXXyXYXyxxYxxxyyX) -> (YYxyXYX, YYYXXyXYXYXYXyxxYxxxyyX) -> (YYxyXYX, YYYXXyXYYXyXyxxYxxxyyX) -> (YYxyXYX, YYYXXyyxYXXyXyxxYxxxyyX) -> (YYxyXYX, YYYXyXYYXXyXyxxYxxxyyX) -> (YYxyXYX, YYXYXYXYYXXyXyxxYxxxyyX) -> (YYxyXYX, YYXYYXXXyXyxxYxxxyyX) -> (YYxyXYX, YYXXXyXXYxYxxxxyXyx) -> (YYxyXYX, YYxYXXXyXXYxYxxxxyXX) -> (YYxyXYX, YYYXYYXXyXXYxYxxxxyXX) -> (YYxyXYX, YYYXYXYXYYXyXXYxYxxxxyXX) -> (YYxyXYX, YYYYXyXYYXyXXYxYxxxxyXX) -> (YYxyXYX, YYYYXyXYXYXYXXYxYxxxxyXX) -> (YYxyXYX, YYYYXXyXYXXYxYxxxxyXX) -> (YYxyXYX, YYYYXXXyyXYxYxxxxyXX) -> (YYxyXYX, YYXXXyyXYxYxxxxyXyxYX) -> (YYxyXYX, YYxxxxyXXYxYXXXXyXyx) -> (YYxyXYX, YYXYYXXXyXyxYYxxxxyXX) -> (YYxyXYX, YYXYXYXYYXXyXyxYYxxxxyXX) -> (YYxyXYX, YYYXyXYYXXyXyxYYxxxxyXX) -> (YYxyXYX, YYYXXyyxYXXyXyxYYxxxxyXX) -> (YYxyXYX, YYYXXyXYYXyXyxYYxxxxyXX) -> (YYxyXYX, YYYXXyXYXYXYXyxYYxxxxyXX) -> (YYxyXYX, YYYXXXyXYXyxYYxxxxyXX) -> (YYxyXYX, YYYXXXXyyyxYYxxxxyXX) -> (YYxyXYX, YYYXXXXyyyxYYxxxyyxyX) -> (YYxyXYX, YYYYXXXyyXYYYxxxxyyX) -> (YYxyXYX, YYYYXXyXYXXYYYxxxxyyX) -> (YYxyXX, YYYXyXyyXXyXYYYxYxYxYxyyX) -> (YYxyXX, YYYxYxYxYxyyXYYXXYXyyXXyX) -> (YYxyXX, YYYxYxYxYxyyXYYXXXXXXyX) -> (YYxyXX, YYXyXyXyXyxyXYxxxxxxyyx) -> (YYxyXX, YYXyXyXyXyxyXYxxxxxxxyX) -> (YYxyXX, YXYxYxYxyxxyxYXXXXXXXyx) -> (YYxyXX, YYYxYxYxyxxyxYXXXXXXXyX) -> (YYxyXX, YYYxYxyxxxxyxYXXXXXXXyX) -> (YYxyXX, YYYxYxyxxxxyXYYXXXXXXyX) -> (YYxyXX, YYXXXXXXyxYXYxYxyxxxxyX) -> (YYxyXX, YYXXXYXyXyxyXYxxxxxxyyX) -> (YYxyXX, YYXXXXXYXyxyXYxxxxxxyyX) -> (YYxyXX, YYXXXXXXyxYXyxxxxxxxyyx) -> (YYxyXX, YYXXXXXXyXYxxxxxxxyyx) -> (YYxyXX, YYXXXXXXyXYxxxxxxxxyX) -> (YYxyXX, YXXXXXXXyXYxxxxxxxxyx) -> (YXyxxxyxx, YXXXXXXXyXYxxxxxxxxyx) -> (YXyxxxyxx, YXyXXXXXyxYxxxxxxxyx) -> (YXyxxxyxx, YXyXXXXyXYxxxxxYxyx) -> (YYxyXYXyXyx, YXyxxxxxxxyxx) -> (YYxyXYXyXyx, YYxyXYXyXXXXXXXXYxyX) -> (YYXyyXXXXXXXXyx, YYXyyXYXXXXXXXXyyx) -> (YYYxyyXyxYYXyyX, YYXyyXXXXXXXXyx) -> (YYYxyyxxxxxx, YYXyyXXXXXXXXyx) -> (YYXYxyyXXyx, YYYxyyxxxxxx)","null","396","110","sub_auto_complete_adjusted_length","total_length","4257126","YXyxxYXX","YYYYYYYYXyyyyyyyx","false","true","false","false","","0","0.45520802336240807","40600838","89191833","371","25","933597","933597","2516672","node_budget_exhausted","1000000"
"0","0","0","full","0","0","0","triple_gs_auto_cov_complete_cov_compact_cpp","null","null","","","(YXYXXyxx, YYYYYYYYXyyyyyyyx)","total_length","0","1002707","0.55597497574067","557480","167140","0","167140","0.16714","2","0","832254","0.24175994335426773","665114","832255","3","","","1002707","1","auto_cov_plus_complete_cov","2247.974","24","17","true","54753891","1000000","55","(YYYxyyXyx, YYYXXXXXXXyyX)","22","null","null","5000077","21","52500730","14","25_9","5000000","0","null","1000000","deepest","(YXYXXyxx, YYYYYYYYXyyyyyyyx) -> (YXXyXyxYx, YYYYYYYYXyyyyyyyx) -> (YXXyXyxYx, YYYYYYYXyyyyyyxYxxyX) -> (YXXyXyxYx, YYYYYYYXyyyyyxYxxyxyX) -> (YYxYXyXyyXyx, YYYYYYXyyyyyxYYxYxxyX) -> (YYxYXyXyyXyx, YYYYYYXyyyyxYYxYxxxyX) -> (YYxYXyXyyXyx, YYYYYYXyyyxYYxYxxxxyX) -> (YYxYXyXyyXyx, YYYYYYXyyxYYxYxxxxxyX) -> (YYxYXyXyyXyx, YYYYYYXyxYYxYxxxxxxyX) -> (YYxYXyXyyXyx, YYYYYYYYxYxxxxxxxyX) -> (YXXyXyxYx, YYYYYYYYxxyxyxyxyxyxyxyX) -> (YXXyXXyxYxx, YYYYYYYXXyXyXyXyXyXyXyXyx) -> (YXYXXYXyxxyx, YYYYYYYXYXXXXXXXXyx) -> (YXYXXYXyxxyx, YYYYYYXYXXYxyXXXXXXyx) -> (YXYXXYXyxxyx, YYYYYXYXXYxxyXXXXXXyx) -> (YXYXXYXyxxyx, YYYYXYXXYxxxyXXXXXXyx) -> (YXYXXYXyxxyx, YYYXYXXYxxxxyXXXXXXyx) -> (YXYXXYXyxxyx, YYXYXXYxxxxxyXXXXXXyx) -> (YXYXXYXyxxyx, YXYXXYxxxxxxyXXXXXXyx) -> (YXYXXYXyxxyx, YXXXXXXXyxxxxxxxx) -> (YYXyyxYx, YXXXXXXXyxxxxxxxx) -> (YXXXXXXXyxxxxxxxx, YYXyyxxxxxxxxxYXXXXXX) -> (YXXXXXXXyxxxxxxxx, YYXyxxxxxxxyxYXXXXXX) -> (YXXXXXXXyxxxxxxxx, YYxxxxxxyXyxYXXXXXX) -> (YXXXXXXXyxxxxxxxx, YXXXXYxxYxxxxxxyXXXyx) -> (YXXXXXXXyxxxxxxxx, YXyxxxxxyxYXXXXYxx) -> (YYxxxxxxYXyxyx, YXXXXXXXyxxxxxxxx) -> (YYxxxxxxYXyxyx, YYXXYxxxxxxyxyx) -> (YYxxxxxxYXyxyx, YYXyxyxYxxyyXYX) -> (YYxYXyyxYxxyXyX, YYxyXXXXXXXyXyX) -> (YYxyXXXXXXXyXyX, YYXyyxYxxxxxxxxx) -> (YYYxyyXXYXyyx, YYxyXXXXXXXyXyX) -> (YYXyyXYYxyyxyx, YYxyXYXYXYXYXYXYXXX) -> (YYYYYYXXYxYxyX, YYxYXyXyxYxYxyXyX) -> (YYYYYYXXYxYxyX, YYYYYYYYXYxYxyXyX) -> (YYYYYYXXYxYxyX, YYXYxYxyXXyXyxx) -> (YYYYYYXXYxYxyX, YYYYYYXyyXXYxYx) -> (YYYYYYXyXYXYxx, YYYYYYYXYXYxxyX) -> (YYYYYYYXYXYxxyX, YYXYxxyXYXXyxyx) -> (YYYYYYYXYXYxxyX, YYYYYYYYYXYxxyXX) -> (YYxYXXyxxxyXX, YYYYYYYXYXYxxyX) -> (YXXYxxyXXyXyxx, YYYxxyXYxYxYxYxYxYx) -> (YYxyxyXYxxxxxx, YXYXYxyxyXYXXyxyx) -> (YYxyxyXYxxxxxx, YXYXyXXXXXXXXyxyx) -> (YYxyxyXYxxxxxx, YXXXXXXXXyxxxxxxx) -> (YXXXXXXXXyxxxxxxx, YYXXXXXXYxyxxxxxxxyX) -> (YXXXXXXXXyxxxxxxx, YYXXXXXXYxyXyxxxxxx) -> (YXXXXXXXXyxxxxxxx, YYxYXXXXXXXyXyxxxxxx) -> (YXXXXXXXXyxxxxxxx, YYxYxyXXXXXXXXyxxxxxx) -> (YYXyXyyx, YXXXXXXXXyxxxxxxx) -> (YXyxxyxxxyxYXXX, YXXXXXXXXyxxxxxxx) -> (YXXXXXXXXyxxxxxxx, YXyxxyxxxyXXXXXXYxxxxx) -> (YXXXXXXXXyxxxxxxx, YXyxxyXXXXXyxYxxxxx) -> (YYXyxxxxxxxyyx, YXXXXXXXXyxxxxxxx) -> (YYYXXXXXXXyyX, YYXyxxxxxxxyyx) -> (YYYxyyXyx, YYYXXXXXXXyyX)","null","55","111","sub_auto_complete_adjusted_length","total_length","2751134","YXYXXyxx","YYYYYYYYXyyyyyyyx","false","true","false","false","","0","0.49893963494505195","54196069","108622497","38","25","832255","832255","1420906","node_budget_exhausted","1000000"
"0","0","0","full","0","0","0","triple_gs_auto_cov_complete_cov_compact_cpp","null","null","","","(YYXXXyxx, YYYYYYYXXyXyXyXyx)","total_length","0","869351","0.5165186443680401","449036","136760","0","136760","0.13676","2","0","863047","0.2293708594944908","726287","863048","3","","","869351","1","auto_cov_plus_complete_cov","1065.626","24","2","true","50009745","1000000","5","(YYYXyyxYx, YYYxxxyXXXXyx)","22","null","null","5000065","19","47500661","12","25_10","5000000","0","null","1000000","deepest","(YYXXXyxx, YYYYYYYXXyXyXyXyx) -> (YYXYXYXyxyx, YYYYYYYXYXXXXyx) -> (YYXYXYXyxyx, YYYYYXYXYxyXXXyx) -> (YYXYXYXyxyx, YYYXYXYxxyXXXyx) -> (YYXYXYXyxyx, YXYXYxxxyXXXyx) -> (YYYXyyxYx, YYYxxxyXXXXyx)","null","5","112","sub_auto_complete_adjusted_length","total_length","3166431","YYXXXyxx","YYYYYYYXXyXyXyXyx","false","true","false","false","","0","0.46045604827778047","49560625","107633780","3","25","863048","863048","1646036","node_budget_exhausted","1000000"
"0","0","0","full","0","0","0","triple_gs_auto_cov_complete_cov_compact_cpp","null","null","","","(YXYXYxxx, YYYYYYYYXyyyyyyyx)","total_length","0","592432","0.5693480433197396","337300","140635","0","140635","0.140635","2","0","859360","0.187389029245438","718725","859361","3","","","592432","1","auto_cov_plus_complete_cov","3063.838","24","0","true","63258384","1000000","0","(YXYXYxxx, YYYYYYYYXyyyyyyyx)","25","null","null","5000106","24","60001003","14","25_11","5000000","0","null","1000000","deepest","(YXYXYxxx, YYYYYYYYXyyyyyyyx)","null","0","113","sub_auto_complete_adjusted_length","total_length","3835470","YXYXYxxx","YYYYYYYYXyyyyyyyx","false","true","false","false","","0","0.5915146369157084","62921080","106372820","0","25","859361","859361","2398020","node_budget_exhausted","1000000"
"0","0","0","full","0","0","0","triple_gs_auto_cov_complete_cov_compact_cpp","null","null","","","(YXYxxxyX, YYYYYYYYXyyyyyyyx)","total_length","0","431195","0.43625273947981774","188110","88115","0","88115","0.088115","2","0","911856","0.17764283124900396","823741","911857","3","","","431195","1","auto_cov_plus_complete_cov","1930.399","24","0","true","56402217","1000000","0","(YXYxxxyX, YYYYYYYYXyyyyyyyx)","25","null","null","5000079","21","52500779","14","25_12","5000000","0","null","1000000","deepest","(YXYxxxyX, YYYYYYYYXyyyyyyyx)","null","0","114","sub_auto_complete_adjusted_length","total_length","4637063","YXYxxxyX","YYYYYYYYXyyyyyyyx","false","true","false","false","","0","0.4959516316027636","56214089","113345910","0","25","911857","911857","2989581","node_budget_exhausted","1000000"
"0","0","0","full","0","0","0","triple_gs_auto_cov_complete_cov_compact_cpp","null","null","","","(YXyXYxxx, YYYYYYYYXyyyyyyyx)","total_length","0","474975","0.46378230433180695","220285","98145","0","98145","0.098145","2","0","901734","0.17793007978400108","803589","901735","3","","","474975","1","auto_cov_plus_complete_cov","2010.712","24","0","true","58811771","1000000","0","(YXyXYxxx, YYYYYYYYXyyyyyyyx)","25","null","null","5000070","22","55000895","15","25_13","5000000","0","null","1000000","deepest","(YXyXYxxx, YYYYYYYYXyyyyyyyx)","null","0","115","sub_auto_complete_adjusted_length","total_length","4516319","YXyXYxxx","YYYYYYYYXyyyyyyyx","false","true","false","false","","0","0.5235167852265756","58591373","111918805","0","25","901735","901735","2909141","node_budget_exhausted","1000000"
"0","0","0","full","0","0","0","triple_gs_auto_cov_complete_cov_compact_cpp","null","null","","","(YXXXyxYx, YYYYYYYYXyyyyyyyx)","total_length","0","612768","0.3938342080526398","241329","164263","0","164263","0.164263","2","0","835716","0.20289830985813348","671453","835717","3","","","612768","1","auto_cov_plus_complete_cov","3101.287","24","0","true","52802902","1000000","0","(YXXXyxYx, YYYYYYYYXyyyyyyyx)","25","null","null","5000078","20","50000783","14","25_14","5000000","0","null","1000000","deepest","(YXXXyxYx, YYYYYYYYXyyyyyyyx)","null","0","116","sub_auto_complete_adjusted_length","total_length","3309308","YXXXyxYx","YYYYYYYYXyyyyyyyx","false","true","false","false","","0","0.4967161688543077","52561520","105818017","0","25","835717","835717","1966402","node_budget_exhausted","1000000"
"0","0","0","full","0","0","0","triple_gs_auto_cov_complete_cov_compact_cpp","null","null","","","(YYxxxYXX, YYYYYYYYXyyyyyyyx)","total_length","0","836504","0.533225184816809","446045","141095","0","141095","0.141095","2","0","858608","0.16816386433793035","717513","858609","3","","","836504","1","auto_cov_plus_complete_cov","1883.186","24","1","true","51190938","1000000","12","(YXYxxYXXX, YYYYXyyXXXYxxyx)","24","null","null","5000067","19","47500606","14","25_15","5000000","0","null","1000000","deepest","(YYxxxYXX, YYYYYYYYXyyyyyyyx) -> (YYxxxYXX, YYYYYYYYxxYXXyyyyyx) -> (YYxxxYXX, YYYYYYYYxxYxYXXyyyx) -> (YYxxxYXX, YYYYYYYYxxYxYxYXXyx) -> (YYxxxYXX, YYYYYYxxyXYxYxYXXyx) -> (YYxxxYXX, YYYYxxyXyXYxYxYXXyx) -> (YYxxxYXX, YYYYxxyXyXYxYXXyyyx) -> (YYxxxYXX, YYYYYxxyxYxYXXyyyyX) -> (YYxxxYXX, YYYYYxxyxYxYxYXXyyX) -> (YYxxxYXX, YYYYYxxyxYxYxYxYXXX) -> (YYxxxYXX, YYYxxyxYxYxYxYXyXXX) -> (YYxxxYXX, YXyXyXXXYxxyxYxYxYx) -> (YXYxxYXXX, YYYYXyyXXXYxxyx)","null","12","117","sub_auto_complete_adjusted_length","total_length","4266749","YYxxxYXX","YYYYYYYYXyyyyyyyx","false","true","false","false","","0","0.4662052919989934","50744729","108846317","11","25","858609","858609","2831723","node_budget_exhausted","1000000"
"0","0","0","full","0","0","0","triple_gs_auto_cov_complete_cov_compact_cpp","null","null","","","(YYxxxyXX, YYYYYYYYXyyyyyyyx)","total_length","0","902169","0.5331606384169707","481001","152340","0","152340","0.15234","2","0","847587","0.1911142289383789","695247","847588","3","","","902169","1","auto_cov_plus_complete_cov","1871.425","24","1","true","50583643","1000000","12","(YXXXyXyxx, YYYYXyXXXyxxyyx)","24","null","null","5000077","19","47500679","14","25_16","5000000","0","null","1000000","deepest","(YYxxxyXX, YYYYYYYYXyyyyyyyx) -> (YYxxxyXX, YYYYYYYYxxyXXyyyyyx) -> (YYxxxyXX, YYYYYYYYxxyxyXXyyyx) -> (YYxxxyXX, YYYYYYYYxxyxyxyXXyx) -> (YYxxxyXX, YYYYYYxxYXyxyxyXXyx) -> (YYxxxyXX, YYYYxxYXYXyxyxyXXyx) -> (YYxxxyXX, YYYYxxYXYXyxyXXyyyx) -> (YYxxxyXX, YYYYYxxYxyxyXXyyyyX) -> (YYxxxyXX, YYYYYxxYxyxyxyXXyyX) -> (YYxxxyXX, YYYYYxxYxyxyxyxyXXX) -> (YYxxxyXX, YYYxxYxyxyxyxyXYXXX) -> (YYxxxyXX, YXYXYXYXyXXyxxxyxyx) -> (YXXXyXyxx, YYYYXyXXXyxxyyx)","null","12","118","sub_auto_complete_adjusted_length","total_length","3637861","YYxxxyXX","YYYYYYYYXyyyyyyyx","false","true","false","false","","0","0.46611904624858536","50102638","107488931","11","25","847588","847588","2235376","node_budget_exhausted","1000000"
"0","0","0","full","0","0","0","triple_gs_auto_cov_complete_cov_compact_cpp","null","null","","","(YYYXXyyxx, YYYYYXyyXyyx)","total_length","0","1396516","0.5960905567856007","832450","97925","0","97925","0.097925","2","0","896743","0.1814555185040479","798818","896744","3","","","1396516","1","auto_cov_plus_complete_cov","774.737","24","0","true","48702007","1000000","0","(YYYXXyyxx, YYYYYXyyXyyx)","21","null","null","5000083","18","45000619","17","21_39","5000000","0","null","1000000","deepest","(YYYXXyyxx, YYYYYXyyXyyx)","null","0","119","sub_auto_complete_adjusted_length","total_length","4402280","YYYXXyyxx","YYYYYXyyXyyx","false","true","false","false","","0","0.4674236425853307","47866527","102405019","0","21","896744","896744","2804644","node_budget_exhausted","1000000"
"0","0","0","full","0","0","0","triple_gs_auto_cov_complete_cov_compact_cpp","null","null","","","(YYXyyxxYX, YYYYYxyXyX)","total_length","0","1659050","0.5410373406467557","897608","123982","0","123982","0.123982","2","0","872121","0.21084078278415944","748139","872122","3","","","1659050","1","auto_cov_plus_complete_cov","941.568","24","0","true","62925049","1000000","0","(YYXyyxxYX, YYYYYxyXyX)","19","null","null","5000096","24","60000845","20","19_43","5000000","0","null","1000000","deepest","(YYXyyxxYX, YYYYYxyXyX)","null","0","120","sub_auto_complete_adjusted_length","total_length","3548360","YYXyyxxYX","YYYYYxyXyX","false","true","false","false","","0","0.4978159665891562","62024664","124593561","0","19","872122","872122","2052082","node_budget_exhausted","1000000"
"0","0","0","full","0","0","0","triple_gs_auto_cov_complete_cov_compact_cpp","null","null","","","(YYYXXyyx, YYYxyyXXYXX)","total_length","0","1151093","0.5646641930756247","649981","89754","0","89754","0.089754","2","0","883751","0.16252871897409193","793997","883752","3","","","1151093","1","auto_cov_plus_complete_cov","950.267","24","0","true","64182090","1000000","0","(YYYXXyyx, YYYxyyXXYXX)","19","null","null","5000148","24","60001060","20","19_44","5000000","0","null","1000000","deepest","(YYYXXyyx, YYYxyyXXYXX)","null","0","121","sub_auto_complete_adjusted_length","total_length","4885272","YYYXXyyx","YYYxyyXXYXX","false","true","false","false","","0","0.48802420346468","63510363","130137732","0","19","883752","883752","3297278","node_budget_exhausted","1000000"
"0","0","0","full","0","0","0","triple_gs_auto_cov_complete_cov_compact_cpp","null","null","","","(YYYYxyyXyX, YYXYXyXYxyx)","total_length","0","1214398","0.5163834261914133","627095","75475","1","75475","0.075475","2","0","919708","0.17540087464314008","844233","919709","3","3","YY","1214398","1","auto_cov_plus_complete_cov","650.724","24","1","true","59045176","1000000","9","(YYxxyX, YYYXyxxYYYxyx)","19","YY","y","5000081","22","55000770","20","21_40","5000000","0","null","1000000","deepest","(YYYYxyyXyX, YYXYXyXYxyx) -> (YYYYxyyXX, YYXYYXXYxyyx) -> (YYYYxyyXX, YYYYYYXXYxyyX) -> (YYYYxyyXX, YYYYYYXXyyyx) -> (YYYYxyyXX, YYYYYYXyyXXYx) -> (YYYYxyyXX, YYYYXXYYXXYx) -> (YYxxyX, YYXYxxYxxYYxYxx) -> (YYxxyX, YYYXYxxYxxYYxyx) -> (YYxxyX, YYYXyxYYxxYYxyx) -> (YYxxyX, YYYXyxxYYYxyx)","null","9","122","sub_auto_complete_adjusted_length","total_length","4813163","YYYYxyyXyX","YYXYXyXYxyx","false","true","false","false","","0","0.4801977771781637","58415395","121648616","7","21","919709","919709","3124697","node_budget_exhausted","1000000"
"0","0","0","full","0","0","0","triple_gs_auto_cov_complete_cov_compact_cpp","null","null","","","(YYYxxyyX, YYYYXyxxYxx)","total_length","0","1226554","0.5134987941827266","629834","90646","0","90646","0.090646","2","0","899940","0.28827027292732743","809294","899941","3","","","1226554","1","auto_cov_plus_complete_cov","811.487","24","0","true","54589595","1000000","0","(YYYxxyyX, YYYYXyxxYxx)","19","null","null","5000095","21","52500828","20","19_45","5000000","0","null","1000000","deepest","(YYYxxyyX, YYYYXyxxYxx)","null","0","123","sub_auto_complete_adjusted_length","total_length","2807414","YYYxxyyX","YYYYXyxxYxx","false","true","false","false","","0","0.46002590676645516","53953160","117282873","0","19","899941","899941","1188826","node_budget_exhausted","1000000"
"0","0","0","full","0","0","0","standard_gs_sub_plus_auto_cov_every_pop_compact_cpp","null","null","","","(YXyXYx, YYYXXXX)","total_length","0","0","0","0","0","0","0","0","0","0","0","0","0","0","0","","","0","0","auto_cov","2142.274","24","0","true","3966116","1000000","0","(YXyXYx, YYYXXXX)","13","null","null","5000086","27","67501218","0","13_1","5000000","0","null","1000000","deepest","(YXyXYx, YYYXXXX)","null","0","0","single_queue_standard_and_auto_cov_every_pop","total_length","2966116","YXyXYx","YYYXXXX","false","false","false","false","","0","0.5533978808850929","56918495","102852752","0","13","1000000","1000000","2966116","node_budget_exhausted","1000000"
"0","0","0","full","0","0","0","standard_gs_sub_plus_auto_cov_every_pop_compact_cpp","null","null","","","(YYXyXyx, YYxxxxyX)","total_length","0","0","0","0","0","0","0","0","0","0","0","0","0","0","0","","","0","0","auto_cov","1286.381","24","0","true","5983754","1000000","0","(YYXyXyx, YYxxxxyX)","15","null","null","5000071","27","67501074","0","15_1","5000000","0","null","1000000","deepest","(YYXyXyx, YYxxxxyX)","null","0","1","single_queue_standard_and_auto_cov_every_pop","total_length","4983754","YYXyXyx","YYxxxxyX","false","false","false","false","","0","0.5535518018822091","60346559","109017004","0","15","1000000","1000000","4983754","node_budget_exhausted","1000000"
"0","0","0","full","0","0","0","standard_gs_sub_plus_auto_cov_every_pop_compact_cpp","null","null","","","(YYXyXyx, YYxxxxxyX)","total_length","0","0","0","0","0","0","0","0","0","0","0","0","0","0","0","","","0","0","auto_cov","1325.425","24","0","true","5380703","1000000","0","(YYXyXyx, YYxxxxxyX)","16","null","null","5000087","29","72500926","0","16_1","5000000","0","null","1000000","deepest","(YYXyXyx, YYxxxxxyX)","null","0","2","single_queue_standard_and_auto_cov_every_pop","total_length","4380703","YYXyXyx","YYxxxxxyX","false","false","false","false","","0","0.5661459216232525","65987096","116554926","0","16","1000000","1000000","4380703","node_budget_exhausted","1000000"
"0","0","0","full","0","0","0","standard_gs_sub_plus_auto_cov_every_pop_compact_cpp","null","null","","","(YXYXyxx, YYYYYxyXyX)","total_length","0","0","0","0","0","0","0","0","0","0","0","0","0","0","0","","","0","0","auto_cov","1330.485","24","0","true","3836900","1000000","0","(YXYXyxx, YYYYYxyXyX)","17","null","null","5000090","32","80001405","0","17_1","5000000","0","null","1000000","deepest","(YXYXyxx, YYYYYxyXyX)","null","0","3","single_queue_standard_and_auto_cov_every_pop","total_length","2836900","YXYXyxx","YYYYYxyXyX","false","false","false","false","","0","0.5716212161466405","72838718","127424798","0","17","1000000","1000000","2836900","node_budget_exhausted","1000000"
"0","0","0","full","0","0","0","standard_gs_sub_plus_auto_cov_every_pop_compact_cpp","null","null","","","(YYYXyyx, YXXYxxx)","total_length","0","0","0","0","0","0","0","0","0","0","0","0","0","0","0","","","0","0","auto_cov","1164.153","24","0","true","3568640","1000000","0","(YYYXyyx, YXXYxxx)","14","null","null","5000099","30","75001395","0","14_1","5000000","0","null","1000000","deepest","(YYYXyyx, YXXYxxx)","null","0","4","single_queue_standard_and_auto_cov_every_pop","total_length","2568640","YYYXyyx","YXXYxxx","false","false","false","false","","0","0.5611518897914359","65586654","116878612","0","14","1000000","1000000","2568640","node_budget_exhausted","1000000"
"0","0","0","full","0","0","0","standard_gs_sub_plus_auto_cov_every_pop_compact_cpp","null","null","","","(YYYxyyX, YXXyxxx)","total_length","0","0","0","0","0","0","0","0","0","0","0","0","0","0","0","","","0","0","auto_cov","1327.325","24","0","true","5656668","1000000","0","(YYYxyyX, YXXyxxx)","14","null","null","5000095","28","70001394","0","14_2","5000000","0","null","1000000","deepest","(YYYxyyX, YXXyxxx)","null","0","5","single_queue_standard_and_auto_cov_every_pop","total_length","4656668","YYYxyyX","YXXyxxx","false","false","false","false","","0","0.5506763128385764","62472199","113446316","0","14","1000000","1000000","4656668","node_budget_exhausted","1000000"
"0","0","0","full","0","0","0","standard_gs_sub_plus_auto_cov_every_pop_compact_cpp","null","null","","","(YXXXyxx, YYYXXyyX)","total_length","0","0","0","0","0","0","0","0","0","0","0","0","0","0","0","","","0","0","auto_cov","1437.534","24","0","true","3839508","1000000","0","(YXXXyxx, YYYXXyyX)","15","null","null","5000108","34","85001566","0","15_2","5000000","0","null","1000000","deepest","(YXXXyxx, YYYXXyyX)","null","0","6","single_queue_standard_and_auto_cov_every_pop","total_length","2839508","YXXXyxx","YYYXXyyX","false","false","false","false","","0","0.5643657006799545","76580922","135693792","0","15","1000000","1000000","2839508","node_budget_exhausted","1000000"
"0","0","0","full","0","0","0","standard_gs_sub_plus_auto_cov_every_pop_compact_cpp","null","null","","","(YYYXyyx, YXXYxxYx)","total_length","0","0","0","0","0","0","0","0","0","0","0","0","0","0","0","","","0","0","auto_cov","1434.59","24","0","true","5473160","1000000","0","(YYYXyyx, YXXYxxYx)","15","null","null","5000089","34","85001322","0","15_3","5000000","0","null","1000000","deepest","(YYYXyyx, YXXYxxYx)","null","0","7","single_queue_standard_and_auto_cov_every_pop","total_length","4473160","YYYXyyx","YXXYxxYx","false","false","false","false","","0","0.5641260377568089","77879460","138053298","0","15","1000000","1000000","4473160","node_budget_exhausted","1000000"
"0","0","0","full","0","0","0","standard_gs_sub_plus_auto_cov_every_pop_compact_cpp","null","null","","","(YYYXyyx, YXyXyxxx)","total_length","0","0","0","0","0","0","0","0","0","0","0","0","0","0","0","","","0","0","auto_cov","1425.117","24","0","true","4367962","1000000","0","(YYYXyyx, YXyXyxxx)","15","null","null","5000098","35","87501509","0","15_4","5000000","0","null","1000000","deepest","(YYYXyyx, YXyXyxxx)","null","0","8","single_queue_standard_and_auto_cov_every_pop","total_length","3367962","YYYXyyx","YXyXyxxx","false","false","false","false","","0","0.5665599205447321","79960299","141132996","0","15","1000000","1000000","3367962","node_budget_exhausted","1000000"
"0","0","0","full","0","0","0","standard_gs_sub_plus_auto_cov_every_pop_compact_cpp","null","null","","","(YYYXyyx, YXyXXyxx)","total_length","0","0","0","0","0","0","0","0","0","0","0","0","0","0","0","","","0","0","auto_cov","1325.574","24","0","true","5713615","1000000","0","(YYYXyyx, YXyXXyxx)","15","null","null","5000089","29","72501375","0","15_5","5000000","0","null","1000000","deepest","(YYYXyyx, YXyXXyxx)","null","0","9","single_queue_standard_and_auto_cov_every_pop","total_length","4713615","YYYXyyx","YXyXXyxx","false","false","false","false","","0","0.5544906001840005","65248894","117673580","0","15","1000000","1000000","4713615","node_budget_exhausted","1000000"
"0","0","0","full","0","0","0","standard_gs_sub_plus_auto_cov_every_pop_compact_cpp","null","null","","","(YYYXyyX, YXXXXyxxx)","total_length","0","0","0","0","0","0","0","0","0","0","0","0","0","0","0","","","0","0","auto_cov","1461.689","24","0","true","3528478","1000000","0","(YYYXyyX, YXXXXyxxx)","16","null","null","5000101","37","92501940","0","16_2","5000000","0","null","1000000","deepest","(YYYXyyX, YXXXXyxxx)","null","0","10","single_queue_standard_and_auto_cov_every_pop","total_length","2528478","YYYXyyX","YXXXXyxxx","false","false","false","false","","0","0.5324848632352025","86993960","163373583","0","16","1000000","1000000","2528478","node_budget_exhausted","1000000"
"0","0","0","full","0","0","0","standard_gs_sub_plus_auto_cov_every_pop_compact_cpp","null","null","","","(YYYXyyx, YXXXXyxxx)","total_length","0","0","0","0","0","0","0","0","0","0","0","0","0","0","0","","","0","0","auto_cov","1459.73","24","0","true","5444828","1000000","0","(YYYXyyx, YXXXXyxxx)","16","null","null","5000095","36","90002039","0","16_3","5000000","0","null","1000000","deepest","(YYYXyyx, YXXXXyxxx)","null","0","11","single_queue_standard_and_auto_cov_every_pop","total_length","4444828","YYYXyyx","YXXXXyxxx","false","false","false","false","","0","0.5613570434022429","84489285","150508996","0","16","1000000","1000000","4444828","node_budget_exhausted","1000000"
"0","0","0","full","0","0","0","standard_gs_sub_plus_auto_cov_every_pop_compact_cpp","null","null","","","(YYXXYxxx, YYYXYxYxx)","total_length","0","0","0","0","0","0","0","0","0","0","0","0","0","0","0","","","0","0","auto_cov","1511.674","24","0","true","3772883","1000000","0","(YYXXYxxx, YYYXYxYxx)","17","null","null","5000106","40","100001926","0","17_2","5000000","0","null","1000000","deepest","(YYXXYxxx, YYYXYxYxx)","null","0","12","single_queue_standard_and_auto_cov_every_pop","total_length","2772883","YYXXYxxx","YYYXYxYxx","false","false","false","false","","0","0.5263755912801685","95398872","181237264","0","17","1000000","1000000","2772883","node_budget_exhausted","1000000"
"0","0","0","full","0","0","0","standard_gs_sub_plus_auto_cov_every_pop_compact_cpp","null","null","","","(YXXYxxYx, YYYYXyyyx)","total_length","0","0","0","0","0","0","0","0","0","0","0","0","0","0","0","","","0","0","auto_cov","1423.786","24","0","true","3971449","1000000","0","(YXXYxxYx, YYYYXyyyx)","17","null","null","5000118","33","82501798","0","17_3","5000000","0","null","1000000","deepest","(YXXYxxYx, YYYYXyyyx)","null","0","13","single_queue_standard_and_auto_cov_every_pop","total_length","2971449","YXXYxxYx","YYYYXyyyx","false","false","false","false","","0","0.49050590683244666","77879758","158774353","0","17","1000000","1000000","2971449","node_budget_exhausted","1000000"
"0","0","0","full","0","0","0","standard_gs_sub_plus_auto_cov_every_pop_compact_cpp","null","null","","","(YXXYxYxx, YYYYXyyyx)","total_length","0","0","0","0","0","0","0","0","0","0","0","0","0","0","0","","","0","0","auto_cov","1431.886","24","0","true","5389530","1000000","0","(YXXYxYxx, YYYYXyyyx)","17","null","null","5000104","32","80001521","0","17_4","5000000","0","null","1000000","deepest","(YXXYxYxx, YYYYXyyyx)","null","0","14","single_queue_standard_and_auto_cov_every_pop","total_length","4389530","YXXYxYxx","YYYYXyyyx","false","false","false","false","","0","0.484824522550089","77050202","158923896","0","17","1000000","1000000","4389530","node_budget_exhausted","1000000"
"0","0","0","full","0","0","0","standard_gs_sub_plus_auto_cov_every_pop_compact_cpp","null","null","","","(YYxxyXXX, YYYYXyyyx)","total_length","0","0","0","0","0","0","0","0","0","0","0","0","0","0","0","","","0","0","auto_cov","1350.55","24","0","true","5117020","1000000","0","(YYxxyXXX, YYYYXyyyx)","17","null","null","5000128","30","75001562","0","17_5","5000000","0","null","1000000","deepest","(YYxxyXXX, YYYYXyyyx)","null","0","15","single_queue_standard_and_auto_cov_every_pop","total_length","4117020","YYxxyXXX","YYYYXyyyx","false","false","false","false","","0","0.5054025558205391","70702912","139894251","0","17","1000000","1000000","4117020","node_budget_exhausted","1000000"
"0","0","0","full","0","0","0","standard_gs_sub_plus_auto_cov_every_pop_compact_cpp","null","null","","","(YXXYxxyx, YYYYXyyyx)","total_length","0","0","0","0","0","0","0","0","0","0","0","0","0","0","0","","","0","0","auto_cov","1359.517","24","0","true","5516043","1000000","0","(YXXYxxyx, YYYYXyyyx)","17","null","null","5000112","29","72501201","0","17_6","5000000","0","null","1000000","deepest","(YXXYxxyx, YYYYXyyyx)","null","0","16","single_queue_standard_and_auto_cov_every_pop","total_length","4516043","YXXYxxyx","YYYYXyyyx","false","false","false","false","","0","0.489923806293188","68733564","140294395","0","17","1000000","1000000","4516043","node_budget_exhausted","1000000"
"0","0","0","full","0","0","0","standard_gs_sub_plus_auto_cov_every_pop_compact_cpp","null","null","","","(YXyXXyxx, YYYYXyyyx)","total_length","0","0","0","0","0","0","0","0","0","0","0","0","0","0","0","","","0","0","auto_cov","1399.202","24","0","true","5315619","1000000","0","(YXyXXyxx, YYYYXyyyx)","17","null","null","5000105","29","72501245","0","17_7","5000000","0","null","1000000","deepest","(YXyXXyxx, YYYYXyyyx)","null","0","17","single_queue_standard_and_auto_cov_every_pop","total_length","4315619","YXyXXyxx","YYYYXyyyx","false","false","false","false","","0","0.4861535577283237","67852173","139569426","0","17","1000000","1000000","4315619","node_budget_exhausted","1000000"
"0","0","0","full","0","0","0","standard_gs_sub_plus_auto_cov_every_pop_compact_cpp","null","null","","","(YXXyXyxx, YYYYXyyyx)","total_length","0","0","0","0","0","0","0","0","0","0","0","0","0","0","0","","","0","0","auto_cov","1359.847","24","0","true","4508552","1000000","0","(YXXyXyxx, YYYYXyyyx)","17","null","null","5000121","27","67501149","0","17_8","5000000","0","null","1000000","deepest","(YXXyXyxx, YYYYXyyyx)","null","0","18","single_queue_standard_and_auto_cov_every_pop","total_length","3508552","YXXyXyxx","YYYYXyyyx","false","false","false","false","","0","0.48643410099635653","63341033","130215034","0","17","1000000","1000000","3508552","node_budget_exhausted","1000000"
"0","0","0","full","0","0","0","standard_gs_sub_plus_auto_cov_every_pop_compact_cpp","null","null","","","(YXyxxYXX, YYYYXyyyx)","total_length","0","0","0","0","0","0","0","0","0","0","0","0","0","0","0","","","0","0","auto_cov","1383.576","24","0","true","5801161","1000000","0","(YXyxxYXX, YYYYXyyyx)","17","null","null","5000105","30","75001415","0","17_9","5000000","0","null","1000000","deepest","(YXyxxYXX, YYYYXyyyx)","null","0","19","single_queue_standard_and_auto_cov_every_pop","total_length","4801161","YXyxxYXX","YYYYXyyyx","false","false","false","false","","0","0.5046795064278918","70776957","140241393","0","17","1000000","1000000","4801161","node_budget_exhausted","1000000"
"0","0","0","full","0","0","0","standard_gs_sub_plus_auto_cov_every_pop_compact_cpp","null","null","","","(YXYXXyxx, YYYYXyyyx)","total_length","0","0","0","0","0","0","0","0","0","0","0","0","0","0","0","","","0","0","auto_cov","1405.267","24","0","true","4480522","1000000","0","(YXYXXyxx, YYYYXyyyx)","17","null","null","5000131","30","75001404","0","17_10","5000000","0","null","1000000","deepest","(YXYXXyxx, YYYYXyyyx)","null","0","20","single_queue_standard_and_auto_cov_every_pop","total_length","3480522","YXYXXyxx","YYYYXyyyx","false","false","false","false","","0","0.5018990883436784","70862661","141189061","0","17","1000000","1000000","3480522","node_budget_exhausted","1000000"
"0","0","0","full","0","0","0","standard_gs_sub_plus_auto_cov_every_pop_compact_cpp","null","null","","","(YYXXXyxx, YXyxxyXYx)","total_length","0","0","0","0","0","0","0","0","0","0","0","0","0","0","0","","","0","0","auto_cov","1566.923","24","0","true","3741850","1000000","0","(YYXXXyxx, YXyxxyXYx)","17","null","null","5000146","40","100002544","0","17_11","5000000","0","null","1000000","deepest","(YYXXXyxx, YXyxxyXYx)","null","0","21","single_queue_standard_and_auto_cov_every_pop","total_length","2741850","YYXXXyxx","YXyxxyXYx","false","false","false","false","","0","0.5280016291062088","95076879","180069291","0","17","1000000","1000000","2741850","node_budget_exhausted","1000000"
"0","0","0","full","0","0","0","standard_gs_sub_plus_auto_cov_every_pop_compact_cpp","null","null","","","(YXYXYxxx, YYYYXyyyx)","total_length","0","0","0","0","0","0","0","0","0","0","0","0","0","0","0","","","0","0","auto_cov","1415.015","24","0","true","4019451","1000000","0","(YXYXYxxx, YYYYXyyyx)","17","null","null","5000120","32","80001466","0","17_12","5000000","0","null","1000000","deepest","(YXYXYxxx, YYYYXyyyx)","null","0","22","single_queue_standard_and_auto_cov_every_pop","total_length","3019451","YXYXYxxx","YYYYXyyyx","false","false","false","false","","0","0.49246745760808835","76441176","155220766","0","17","1000000","1000000","3019451","node_budget_exhausted","1000000"
"0","0","0","full","0","0","0","standard_gs_sub_plus_auto_cov_every_pop_compact_cpp","null","null","","","(YXYxxxyX, YYYYXyyyx)","total_length","0","0","0","0","0","0","0","0","0","0","0","0","0","0","0","","","0","0","auto_cov","1459.683","24","0","true","5020658","1000000","0","(YXYxxxyX, YYYYXyyyx)","17","null","null","5000098","32","80001396","0","17_13","5000000","0","null","1000000","deepest","(YXYxxxyX, YYYYXyyyx)","null","0","23","single_queue_standard_and_auto_cov_every_pop","total_length","4020658","YXYxxxyX","YYYYXyyyx","false","false","false","false","","0","0.46852568205281014","76819245","163959518","0","17","1000000","1000000","4020658","node_budget_exhausted","1000000"
"0","0","0","full","0","0","0","standard_gs_sub_plus_auto_cov_every_pop_compact_cpp","null","null","","","(YXyXYxxx, YYYYXyyyx)","total_length","0","0","0","0","0","0","0","0","0","0","0","0","0","0","0","","","0","0","auto_cov","1407.174","24","0","true","5312504","1000000","0","(YXyXYxxx, YYYYXyyyx)","17","null","null","5000139","32","80001590","0","17_14","5000000","0","null","1000000","deepest","(YXyXYxxx, YYYYXyyyx)","null","0","24","single_queue_standard_and_auto_cov_every_pop","total_length","4312504","YXyXYxxx","YYYYXyyyx","false","false","false","false","","0","0.5251018841522749","76217200","145147451","0","17","1000000","1000000","4312504","node_budget_exhausted","1000000"
"0","0","0","full","0","0","0","standard_gs_sub_plus_auto_cov_every_pop_compact_cpp","null","null","","","(YXXXyxYx, YYYYXyyyx)","total_length","0","0","0","0","0","0","0","0","0","0","0","0","0","0","0","","","0","0","auto_cov","1446.495","24","0","true","5387083","1000000","0","(YXXXyxYx, YYYYXyyyx)","17","null","null","5000107","32","80001397","0","17_15","5000000","0","null","1000000","deepest","(YXXXyxYx, YYYYXyyyx)","null","0","25","single_queue_standard_and_auto_cov_every_pop","total_length","4387083","YXXXyxYx","YYYYXyyyx","false","false","false","false","","0","0.46917586377668863","77245810","164641483","0","17","1000000","1000000","4387083","node_budget_exhausted","1000000"
"0","0","0","full","0","0","0","standard_gs_sub_plus_auto_cov_every_pop_compact_cpp","null","null","","","(YXyxxyX, YYXyyxYx)","total_length","0","0","0","0","0","0","0","0","0","0","0","0","0","0","0","","","0","0","auto_cov","1255.388","24","0","true","5720877","1000000","0","(YXyxxyX, YYXyyxYx)","15","null","null","5000086","27","67501150","0","15_10","5000000","0","null","1000000","deepest","(YXyxxyX, YYXyyxYx)","null","0","26","single_queue_standard_and_auto_cov_every_pop","total_length","4720877","YXyxxyX","YYXyyxYx","false","false","false","false","","0","0.557908807162086","59772706","107137054","0","15","1000000","1000000","4720877","node_budget_exhausted","1000000"
"0","0","0","full","0","0","0","standard_gs_sub_plus_auto_cov_every_pop_compact_cpp","null","null","","","(YXXYxxx, YYYYYXyyyyx)","total_length","0","0","0","0","0","0","0","0","0","0","0","0","0","0","0","","","0","0","auto_cov","1309.884","24","0","true","5450821","1000000","0","(YXXYxxx, YYYYYXyyyyx)","18","null","null","5000075","23","57500847","0","18_1","5000000","0","null","1000000","deepest","(YXXYxxx, YYYYYXyyyyx)","null","0","27","single_queue_standard_and_auto_cov_every_pop","total_length","4450821","YXXYxxx","YYYYYXyyyyx","false","false","false","false","","0","0.46574897536133436","55550265","119270826","0","18","1000000","1000000","4450821","node_budget_exhausted","1000000"
"0","0","0","full","0","0","0","standard_gs_sub_plus_auto_cov_every_pop_compact_cpp","null","null","","","(YXXXyxx, YYYYYXyyyyx)","total_length","0","0","0","0","0","0","0","0","0","0","0","0","0","0","0","","","0","0","auto_cov","1384.221","24","0","true","5047389","1000000","0","(YXXXyxx, YYYYYXyyyyx)","18","null","null","5000099","30","75001280","0","18_2","5000000","0","null","1000000","deepest","(YXXXyxx, YYYYYXyyyyx)","null","0","28","single_queue_standard_and_auto_cov_every_pop","total_length","4047389","YXXXyxx","YYYYYXyyyyx","false","false","false","false","","0","0.5116743496088444","71265547","139279108","0","18","1000000","1000000","4047389","node_budget_exhausted","1000000"
"0","0","0","full","0","0","0","standard_gs_sub_plus_auto_cov_every_pop_compact_cpp","null","null","","","(YYXXYxxx, YYYYYXyyyyx)","total_length","0","0","0","0","0","0","0","0","0","0","0","0","0","0","0","","","0","0","auto_cov","1428.277","24","0","true","4503562","1000000","0","(YYXXYxxx, YYYYYXyyyyx)","19","null","null","5000179","27","67501122","0","19_1","5000000","0","null","1000000","deepest","(YYXXYxxx, YYYYYXyyyyx)","null","0","29","single_queue_standard_and_auto_cov_every_pop","total_length","3503562","YYXXYxxx","YYYYYXyyyyx","false","false","false","false","","0","0.4750303029912288","66311525","139594305","0","19","1000000","1000000","3503562","node_budget_exhausted","1000000"
"0","0","0","full","0","0","0","standard_gs_sub_plus_auto_cov_every_pop_compact_cpp","null","null","","","(YXyxxxYXX, YYYYXXXyxx)","total_length","0","0","0","0","0","0","0","0","0","0","0","0","0","0","0","","","0","0","auto_cov","1429.129","24","0","true","5436213","1000000","0","(YXyxxxYXX, YYYYXXXyxx)","19","null","null","5000100","24","60001078","0","19_2","5000000","0","null","1000000","deepest","(YXyxxxYXX, YYYYXXXyxx)","null","0","30","single_queue_standard_and_auto_cov_every_pop","total_length","4436213","YXyxxxYXX","YYYYXXXyxx","false","false","false","false","","0","0.4625960430056801","58529344","126523659","0","19","1000000","1000000","4436213","node_budget_exhausted","1000000"
"0","0","0","full","0","0","0","standard_gs_sub_plus_auto_cov_every_pop_compact_cpp","null","null","","","(YXXYxYxx, YYYYYXyyyyx)","total_length","0","0","0","0","0","0","0","0","0","0","0","0","0","0","0","","","0","0","auto_cov","1405.951","24","0","true","3719847","1000000","0","(YXXYxYxx, YYYYYXyyyyx)","19","null","null","5000071","25","62500734","0","19_3","5000000","0","null","1000000","deepest","(YXXYxYxx, YYYYYXyyyyx)","null","0","31","single_queue_standard_and_auto_cov_every_pop","total_length","2719847","YXXYxYxx","YYYYYXyyyyx","false","false","false","false","","0","0.47168215359013616","59770813","126718411","0","19","1000000","1000000","2719847","node_budget_exhausted","1000000"
"0","0","0","full","0","0","0","standard_gs_sub_plus_auto_cov_every_pop_compact_cpp","null","null","","","(YXyxxyXX, YYYYYXyyyyx)","total_length","0","0","0","0","0","0","0","0","0","0","0","0","0","0","0","","","0","0","auto_cov","1290.536","24","0","true","3983073","1000000","0","(YXyxxyXX, YYYYYXyyyyx)","19","null","null","5000107","21","52500824","0","19_4","5000000","0","null","1000000","deepest","(YXyxxyXX, YYYYYXyyyyx)","null","0","32","single_queue_standard_and_auto_cov_every_pop","total_length","2983073","YXyxxyXX","YYYYYXyyyyx","false","false","false","false","","0","0.44527959977415793","48139605","108110960","0","19","1000000","1000000","2983073","node_budget_exhausted","1000000"
"0","0","0","full","0","0","0","standard_gs_sub_plus_auto_cov_every_pop_compact_cpp","null","null","","","(YXXYxxyx, YYYYYXyyyyx)","total_length","0","0","0","0","0","0","0","0","0","0","0","0","0","0","0","","","0","0","auto_cov","1289.95","24","0","true","5488425","1000000","0","(YXXYxxyx, YYYYYXyyyyx)","19","null","null","5000126","20","50000758","0","19_5","5000000","0","null","1000000","deepest","(YXXYxxyx, YYYYYXyyyyx)","null","0","33","single_queue_standard_and_auto_cov_every_pop","total_length","4488425","YXXYxxyx","YYYYYXyyyyx","false","false","false","false","","0","0.44085056963920194","47258235","107197854","0","19","1000000","1000000","4488425","node_budget_exhausted","1000000"
"0","0","0","full","0","0","0","standard_gs_sub_plus_auto_cov_every_pop_compact_cpp","null","null","","","(YXyXXyxx, YYYYYXyyyyx)","total_length","0","0","0","0","0","0","0","0","0","0","0","0","0","0","0","","","0","0","auto_cov","1264.857","24","0","true","5230325","1000000","0","(YXyXXyxx, YYYYYXyyyyx)","19","null","null","5000086","20","50000572","0","19_6","5000000","0","null","1000000","deepest","(YXyXXyxx, YYYYYXyyyyx)","null","0","34","single_queue_standard_and_auto_cov_every_pop","total_length","4230325","YXyXXyxx","YYYYYXyyyyx","false","false","false","false","","0","0.4366091294531601","46402097","106278348","0","19","1000000","1000000","4230325","node_budget_exhausted","1000000"
"0","0","0","full","0","0","0","standard_gs_sub_plus_auto_cov_every_pop_compact_cpp","null","null","","","(YXXyXyxx, YYYYYXyyyyx)","total_length","0","0","0","0","0","0","0","0","0","0","0","0","0","0","0","","","0","0","auto_cov","1299.867","24","0","true","5895343","1000000","0","(YXXyXyxx, YYYYYXyyyyx)","19","null","null","5000087","21","52500691","0","19_7","5000000","0","null","1000000","deepest","(YXXyXyxx, YYYYYXyyyyx)","null","0","35","single_queue_standard_and_auto_cov_every_pop","total_length","4895343","YXXyXyxx","YYYYYXyyyyx","false","false","false","false","","0","0.46474200086619966","51379175","110554189","0","19","1000000","1000000","4895343","node_budget_exhausted","1000000"
"0","0","0","full","0","0","0","standard_gs_sub_plus_auto_cov_every_pop_compact_cpp","null","null","","","(YXyxxYXX, YYYYYXyyyyx)","total_length","0","0","0","0","0","0","0","0","0","0","0","0","0","0","0","","","0","0","auto_cov","1261.541","24","0","true","4190816","1000000","0","(YXyxxYXX, YYYYYXyyyyx)","19","null","null","5000074","21","52500650","0","19_8","5000000","0","null","1000000","deepest","(YXyxxYXX, YYYYYXyyyyx)","null","0","36","single_queue_standard_and_auto_cov_every_pop","total_length","3190816","YXyxxYXX","YYYYYXyyyyx","false","false","false","false","","0","0.440911028176105","47996545","108857665","0","19","1000000","1000000","3190816","node_budget_exhausted","1000000"
"0","0","0","full","0","0","0","standard_gs_sub_plus_auto_cov_every_pop_compact_cpp","null","null","","","(YXYXXyxx, YYYYYXyyyyx)","total_length","0","0","0","0","0","0","0","0","0","0","0","0","0","0","0","","","0","0","auto_cov","1289.859","24","0","true","3562892","1000000","0","(YXYXXyxx, YYYYYXyyyyx)","19","null","null","5000128","22","55000907","0","19_9","5000000","0","null","1000000","deepest","(YXYXXyxx, YYYYYXyyyyx)","null","0","37","single_queue_standard_and_auto_cov_every_pop","total_length","2562892","YXYXXyxx","YYYYYXyyyyx","false","false","false","false","","0","0.4608721852321137","51396214","111519453","0","19","1000000","1000000","2562892","node_budget_exhausted","1000000"
"0","0","0","full","0","0","0","standard_gs_sub_plus_auto_cov_every_pop_compact_cpp","null","null","","","(YYXXXyxx, YYYYYXyyyyx)","total_length","0","0","0","0","0","0","0","0","0","0","0","0","0","0","0","","","0","0","auto_cov","1389.586","24","0","true","4304412","1000000","0","(YYXXXyxx, YYYYYXyyyyx)","19","null","null","5000125","27","67501198","0","19_10","5000000","0","null","1000000","deepest","(YYXXXyxx, YYYYYXyyyyx)","null","0","38","single_queue_standard_and_auto_cov_every_pop","total_length","3304412","YYXXXyxx","YYYYYXyyyyx","false","false","false","false","","0","0.4719734538113598","65932157","139694630","0","19","1000000","1000000","3304412","node_budget_exhausted","1000000"
"0","0","0","full","0","0","0","standard_gs_sub_plus_auto_cov_every_pop_compact_cpp","null","null","","","(YXYXYxxx, YYYYYXyyyyx)","total_length","0","0","0","0","0","0","0","0","0","0","0","0","0","0","0","","","0","0","auto_cov","2834.979","24","0","true","5567277","1000000","0","(YXYXYxxx, YYYYYXyyyyx)","19","null","null","5000156","26","65000922","0","19_11","5000000","0","null","1000000","deepest","(YXYXYxxx, YYYYYXyyyyx)","null","0","39","single_queue_standard_and_auto_cov_every_pop","total_length","4567277","YXYXYxxx","YYYYYXyyyyx","false","false","false","false","","0","0.5270579064227126","65288214","123872943","0","19","1000000","1000000","4567277","node_budget_exhausted","1000000"
"0","0","0","full","0","0","0","standard_gs_sub_plus_auto_cov_every_pop_compact_cpp","null","null","","","(YXYxxxyX, YYYYYXyyyyx)","total_length","0","0","0","0","0","0","0","0","0","0","0","0","0","0","0","","","0","0","auto_cov","1422.969","24","0","true","5154897","1000000","0","(YXYxxxyX, YYYYYXyyyyx)","19","null","null","5000076","27","67500951","0","19_12","5000000","0","null","1000000","deepest","(YXYxxxyX, YYYYYXyyyyx)","null","0","40","single_queue_standard_and_auto_cov_every_pop","total_length","4154897","YXYxxxyX","YYYYYXyyyyx","false","false","false","false","","0","0.47653183068139127","67153253","140920813","0","19","1000000","1000000","4154897","node_budget_exhausted","1000000"
"0","0","0","full","0","0","0","standard_gs_sub_plus_auto_cov_every_pop_compact_cpp","null","null","","","(YXyXYxxx, YYYYYXyyyyx)","total_length","0","0","0","0","0","0","0","0","0","0","0","0","0","0","0","","","0","0","auto_cov","1091.27","24","0","true","4858759","1000000","0","(YXyXYxxx, YYYYYXyyyyx)","19","null","null","5000084","26","65000842","0","19_13","5000000","0","null","1000000","deepest","(YXyXYxxx, YYYYYXyyyyx)","null","0","41","single_queue_standard_and_auto_cov_every_pop","total_length","3858759","YXyXYxxx","YYYYYXyyyyx","false","false","false","false","","0","0.4974329682161911","63317569","127288646","0","19","1000000","1000000","3858759","node_budget_exhausted","1000000"
"0","0","0","full","0","0","0","standard_gs_sub_plus_auto_cov_every_pop_compact_cpp","null","null","","","(YXXXyxYx, YYYYYXyyyyx)","total_length","0","0","0","0","0","0","0","0","0","0","0","0","0","0","0","","","0","0","auto_cov","910.673","24","0","true","3897082","1000000","0","(YXXXyxYx, YYYYYXyyyyx)","19","null","null","5000093","28","70000937","0","19_14","5000000","0","null","1000000","deepest","(YXXXyxYx, YYYYYXyyyyx)","null","0","42","single_queue_standard_and_auto_cov_every_pop","total_length","2897082","YXXXyxYx","YYYYYXyyyyx","false","false","false","false","","0","0.4740380580532182","68384671","144259875","0","19","1000000","1000000","2897082","node_budget_exhausted","1000000"
"0","0","0","full","0","0","0","standard_gs_sub_plus_auto_cov_every_pop_compact_cpp","null","null","","","(YYxxxYXX, YXYxxyXyXYx)","total_length","0","0","0","0","0","0","0","0","0","0","0","0","0","0","0","","","0","0","auto_cov","907.784","24","0","true","4379678","1000000","0","(YYxxxYXX, YXYxxyXyXYx)","19","null","null","5000083","30","75001262","0","19_15","5000000","0","null","1000000","deepest","(YYxxxYXX, YXYxxyXyXYx)","null","0","43","single_queue_standard_and_auto_cov_every_pop","total_length","3379678","YYxxxYXX","YXYxxyXyXYx","false","false","false","false","","0","0.4789846393746496","73280076","152990451","0","19","1000000","1000000","3379678","node_budget_exhausted","1000000"
"0","0","0","full","0","0","0","standard_gs_sub_plus_auto_cov_every_pop_compact_cpp","null","null","","","(YYxxxyXX, YYYYYxxyxyX)","total_length","0","0","0","0","0","0","0","0","0","0","0","0","0","0","0","","","0","0","auto_cov","1198.114","24","0","true","4683427","1000000","0","(YYxxxyXX, YYYYYxxyxyX)","19","null","null","5000091","30","75001288","0","19_16","5000000","0","null","1000000","deepest","(YYxxxyXX, YYYYYxxyxyX)","null","0","44","single_queue_standard_and_auto_cov_every_pop","total_length","3683427","YYxxxyXX","YYYYYxxyxyX","false","false","false","false","","0","0.48010091490512263","73325939","152730263","0","19","1000000","1000000","3683427","node_budget_exhausted","1000000"
"0","0","0","full","0","0","0","standard_gs_sub_plus_auto_cov_every_pop_compact_cpp","null","null","","","(YYYxyXX, YYxxyXyXYX)","total_length","0","0","0","0","0","0","0","0","0","0","0","0","0","0","0","","","0","0","auto_cov","1407.972","24","0","true","5981267","1000000","0","(YYYxyXX, YYxxyXyXYX)","17","null","null","5000107","32","80001500","0","17_30","5000000","0","null","1000000","deepest","(YYYxyXX, YYxxyXyXYX)","null","0","45","single_queue_standard_and_auto_cov_every_pop","total_length","4981267","YYYxyXX","YYxxyXyXYX","false","false","false","false","","0","0.5417668346525957","76029799","140336754","0","17","1000000","1000000","4981267","node_budget_exhausted","1000000"
"0","0","0","full","0","0","0","standard_gs_sub_plus_auto_cov_every_pop_compact_cpp","null","null","","","(YYxxyX, YYYYYXyxxyx)","total_length","0","0","0","0","0","0","0","0","0","0","0","0","0","0","0","","","0","0","auto_cov","958.828","24","0","true","5956302","1000000","0","(YYxxyX, YYYYYXyxxyx)","17","null","null","5000091","33","82501473","0","17_31","5000000","0","null","1000000","deepest","(YYxxyX, YYYYYXyxxyx)","null","0","46","single_queue_standard_and_auto_cov_every_pop","total_length","4956302","YYxxyX","YYYYYXyxxyx","false","false","false","false","","0","0.5499296197278883","77367641","140686441","0","17","1000000","1000000","4956302","node_budget_exhausted","1000000"
"0","0","0","full","0","0","0","standard_gs_sub_plus_auto_cov_every_pop_compact_cpp","null","null","","","(YYYxyyx, YXXXXXyxxxxxx)","total_length","0","0","0","0","0","0","0","0","0","0","0","0","0","0","0","","","0","0","auto_cov","892.331","24","0","true","4906809","1000000","0","(YYYxyyx, YXXXXXyxxxxxx)","20","null","null","5000079","20","50000577","0","20_1","5000000","0","null","1000000","deepest","(YYYxyyx, YXXXXXyxxxxxx)","null","0","47","single_queue_standard_and_auto_cov_every_pop","total_length","3906809","YYYxyyx","YXXXXXyxxxxxx","false","false","false","false","","0","0.47648967097217804","48903836","102633570","0","20","1000000","1000000","3906809","node_budget_exhausted","1000000"
"0","0","0","full","0","0","0","standard_gs_sub_plus_auto_cov_every_pop_compact_cpp","null","null","","","(YXXyxxx, YYYYYYxyyyyyX)","total_length","0","0","0","0","0","0","0","0","0","0","0","0","0","0","0","","","0","0","auto_cov","831.115","24","0","true","4260914","1000000","0","(YXXyxxx, YYYYYYxyyyyyX)","20","null","null","5000058","22","55000738","0","20_2","5000000","0","null","1000000","deepest","(YXXyxxx, YYYYYYxyyyyyX)","null","0","48","single_queue_standard_and_auto_cov_every_pop","total_length","3260914","YXXyxxx","YYYYYYxyyyyyX","false","false","false","false","","0","0.4931915177175565","52282421","106008354","0","20","1000000","1000000","3260914","node_budget_exhausted","1000000"
"0","0","0","full","0","0","0","standard_gs_sub_plus_auto_cov_every_pop_compact_cpp","null","null","","","(YYXXyXX, YYYxyyXyX)","total_length","0","0","0","0","0","0","0","0","0","0","0","0","0","0","0","","","0","0","auto_cov","951.996","24","0","true","5027045","1000000","0","(YYXXyXX, YYYxyyXyX)","16","null","null","5000092","31","77501347","0","16_4","5000000","0","null","1000000","deepest","(YYXXyXX, YYYxyyXyX)","null","0","49","single_queue_standard_and_auto_cov_every_pop","total_length","4027045","YYXXyXX","YYYxyyXyX","false","false","false","false","","0","0.556204606460906","70394403","126562064","0","16","1000000","1000000","4027045","node_budget_exhausted","1000000"
"0","0","0","full","0","0","0","standard_gs_sub_plus_auto_cov_every_pop_compact_cpp","null","null","","","(YYXXYxxx, YYYYYYXyyyyyx)","total_length","0","0","0","0","0","0","0","0","0","0","0","0","0","0","0","","","0","0","auto_cov","1047.417","24","1","true","3540713","1000000","6","(YXYXXXYxx, YYYXyyxxYXX)","20","null","null","5000082","26","65000803","0","21_2","5000000","0","null","1000000","deepest","(YYXXYxxx, YYYYYYXyyyyyx) -> (YYXXYxxx, YYYYYxyyyyXXYxx) -> (YYXXYxxx, YYYYYxyyXXYxYxx) -> (YYXXYxxx, YYYYYXYxYxYxx) -> (YYXXYxxx, YYYXYxYxYXyxx) -> (YYXXYxxx, YXYxYxYXyXyxx) -> (YXYXXXYxx, YYYXyyxxYXX)","null","6","50","single_queue_standard_and_auto_cov_every_pop","total_length","2540713","YYXXYxxx","YYYYYYXyyyyyx","false","false","false","false","","0","0.48016936603286575","63546689","132342239","5","21","1000000","1000000","2540713","node_budget_exhausted","1000000"
"0","0","0","full","0","0","0","standard_gs_sub_plus_auto_cov_every_pop_compact_cpp","null","null","","","(YXyxxxYXX, YYYYYXXXyxx)","total_length","0","0","0","0","0","0","0","0","0","0","0","0","0","0","0","","","0","0","auto_cov","1546.68","24","0","true","5767959","1000000","0","(YXyxxxYXX, YYYYYXXXyxx)","20","null","null","5000078","23","57500956","0","20_4","5000000","0","null","1000000","deepest","(YXyxxxYXX, YYYYYXXXyxx)","null","0","51","single_queue_standard_and_auto_cov_every_pop","total_length","4767959","YXyxxxYXX","YYYYYXXXyxx","false","false","false","false","","0","0.4798052264782059","57710679","120279388","0","20","1000000","1000000","4767959","node_budget_exhausted","1000000"
"0","0","0","full","0","0","0","standard_gs_sub_plus_auto_cov_every_pop_compact_cpp","null","null","","","(YXXYxYxx, YYYYYYXyyyyyx)","total_length","0","0","0","0","0","0","0","0","0","0","0","0","0","0","0","","","0","0","auto_cov","1432.164","24","0","true","4583847","1000000","0","(YXXYxYxx, YYYYYYXyyyyyx)","21","null","null","5000078","24","60000833","0","21_3","5000000","0","null","1000000","deepest","(YXXYxYxx, YYYYYYXyyyyyx)","null","0","52","single_queue_standard_and_auto_cov_every_pop","total_length","3583847","YXXYxYxx","YYYYYYXyyyyyx","false","false","false","false","","0","0.4888921500577024","59408923","121517441","0","21","1000000","1000000","3583847","node_budget_exhausted","1000000"
"0","0","0","full","0","0","0","standard_gs_sub_plus_auto_cov_every_pop_compact_cpp","null","null","","","(YXyxxyXX, YYYYYYXyyyyyx)","total_length","0","0","0","0","0","0","0","0","0","0","0","0","0","0","0","","","0","0","auto_cov","1266.496","24","0","true","5904525","1000000","0","(YXyxxyXX, YYYYYYXyyyyyx)","21","null","null","5000059","19","47500554","0","21_4","5000000","0","null","1000000","deepest","(YXyxxyXX, YYYYYYXyyyyyx)","null","0","53","single_queue_standard_and_auto_cov_every_pop","total_length","4904525","YXyxxyXX","YYYYYYXyyyyyx","false","false","false","false","","0","0.46073727045941815","46315856","100525525","0","21","1000000","1000000","4904525","node_budget_exhausted","1000000"
"0","0","0","full","0","0","0","standard_gs_sub_plus_auto_cov_every_pop_compact_cpp","null","null","","","(YXXYxxyx, YYYYYYXyyyyyx)","total_length","0","0","0","0","0","0","0","0","0","0","0","0","0","0","0","","","0","0","auto_cov","1627.215","24","0","true","3901205","1000000","0","(YXXYxxyx, YYYYYYXyyyyyx)","21","null","null","5000058","19","47500434","0","21_5","5000000","0","null","1000000","deepest","(YXXYxxyx, YYYYYYXyyyyyx)","null","0","54","single_queue_standard_and_auto_cov_every_pop","total_length","2901205","YXXYxxyx","YYYYYYXyyyyyx","false","false","false","false","","0","0.45186401450680946","44257651","97944624","0","21","1000000","1000000","2901205","node_budget_exhausted","1000000"
"0","0","0","full","0","0","0","standard_gs_sub_plus_auto_cov_every_pop_compact_cpp","null","null","","","(YXyXXyxx, YYYYYYXyyyyyx)","total_length","0","0","0","0","0","0","0","0","0","0","0","0","0","0","0","","","0","0","auto_cov","1300.804","24","0","true","5641523","1000000","0","(YXyXXyxx, YYYYYYXyyyyyx)","21","null","null","5000049","18","45000530","0","21_6","5000000","0","null","1000000","deepest","(YXyXXyxx, YYYYYYXyyyyyx)","null","0","55","single_queue_standard_and_auto_cov_every_pop","total_length","4641523","YXyXXyxx","YYYYYYXyyyyyx","false","false","false","false","","0","0.444554983697445","43177794","97125880","0","21","1000000","1000000","4641523","node_budget_exhausted","1000000"
"0","0","0","full","0","0","0","standard_gs_sub_plus_auto_cov_every_pop_compact_cpp","null","null","","","(YXyXXYxxx, YYYYYYxxxyXX)","total_length","0","0","0","0","0","0","0","0","0","0","0","0","0","0","0","","","0","0","auto_cov","1050.305","24","0","true","4940252","1000000","0","(YXyXXYxxx, YYYYYYxxxyXX)","21","null","null","5000068","23","57500707","0","21_7","5000000","0","null","1000000","deepest","(YXyXXYxxx, YYYYYYxxxyXX)","null","0","56","single_queue_standard_and_auto_cov_every_pop","total_length","3940252","YXyXXYxxx","YYYYYYxxxyXX","false","false","false","false","","0","0.48983873485890805","56913765","116188780","0","21","1000000","1000000","3940252","node_budget_exhausted","1000000"
"0","0","0","full","0","0","0","standard_gs_sub_plus_auto_cov_every_pop_compact_cpp","null","null","","","(YXyxxYXX, YYYYYYXyyyyyx)","total_length","0","0","0","0","0","0","0","0","0","0","0","0","0","0","0","","","0","0","auto_cov","914.087","24","0","true","5588195","1000000","0","(YXyxxYXX, YYYYYYXyyyyyx)","21","null","null","5000052","19","47500437","0","21_8","5000000","0","null","1000000","deepest","(YXyxxYXX, YYYYYYXyyyyyx)","null","0","57","single_queue_standard_and_auto_cov_every_pop","total_length","4588195","YXyxxYXX","YYYYYYXyyyyyx","false","false","false","false","","0","0.4564879874248142","45602095","99897689","0","21","1000000","1000000","4588195","node_budget_exhausted","1000000"
"0","0","0","full","0","0","0","standard_gs_sub_plus_auto_cov_every_pop_compact_cpp","null","null","","","(YXyxxxyXX, YYYYYXXYxxx)","total_length","0","0","0","0","0","0","0","0","0","0","0","0","0","0","0","","","0","0","auto_cov","869.367","24","0","true","3614189","1000000","0","(YXyxxxyXX, YYYYYXXYxxx)","20","null","null","5000114","23","57500878","0","20_5","5000000","0","null","1000000","deepest","(YXyxxxyXX, YYYYYXXYxxx)","null","0","58","single_queue_standard_and_auto_cov_every_pop","total_length","2614189","YXyxxxyXX","YYYYYXXYxxx","false","false","false","false","","0","0.48673347508318465","55413162","113847033","0","20","1000000","1000000","2614189","node_budget_exhausted","1000000"
"0","0","0","full","0","0","0","standard_gs_sub_plus_auto_cov_every_pop_compact_cpp","null","null","","","(YYXXXyxx, YYYXXYxyXyXyx)","total_length","0","0","0","0","0","0","0","0","0","0","0","0","0","0","0","","","0","0","auto_cov","1000.185","24","1","true","3831705","1000000","2","(YXYXXXyxx, YYYXyyxxxyX)","20","null","null","5000093","26","65001128","0","21_9","5000000","0","null","1000000","deepest","(YYXXXyxx, YYYXXYxyXyXyx) -> (YYXXXyxx, YXyXyxxyXYxYx) -> (YXYXXXyxx, YYYXyyxxxyX)","null","2","59","single_queue_standard_and_auto_cov_every_pop","total_length","2831705","YYXXXyxx","YYYXXYxyXyXyx","false","false","false","false","","0","0.4806373106950697","63642733","132413218","1","21","1000000","1000000","2831705","node_budget_exhausted","1000000"
"0","0","0","full","0","0","0","standard_gs_sub_plus_auto_cov_every_pop_compact_cpp","null","null","","","(YXYXYxxx, YYYYYYXyyyyyx)","total_length","0","0","0","0","0","0","0","0","0","0","0","0","0","0","0","","","0","0","auto_cov","909.724","24","0","true","3711792","1000000","0","(YXYXYxxx, YYYYYYXyyyyyx)","21","null","null","5000077","28","70000986","0","21_10","5000000","0","null","1000000","deepest","(YXYXYxxx, YYYYYYXyyyyyx)","null","0","60","single_queue_standard_and_auto_cov_every_pop","total_length","2711792","YXYXYxxx","YYYYYYXyyyyyx","false","false","false","false","","0","0.5809148259619673","69686668","119960216","0","21","1000000","1000000","2711792","node_budget_exhausted","1000000"
"0","0","0","full","0","0","0","standard_gs_sub_plus_auto_cov_every_pop_compact_cpp","null","null","","","(YXYxxxyX, YYYYYYXyyyyyx)","total_length","0","0","0","0","0","0","0","0","0","0","0","0","0","0","0","","","0","0","auto_cov","1141.794","24","0","true","5244544","1000000","0","(YXYxxxyX, YYYYYYXyyyyyx)","21","null","null","5000084","26","65000927","0","21_11","5000000","0","null","1000000","deepest","(YXYxxxyX, YYYYYYXyyyyyx)","null","0","61","single_queue_standard_and_auto_cov_every_pop","total_length","4244544","YXYxxxyX","YYYYYYXyyyyyx","false","false","false","false","","0","0.5055842600140656","66440538","131413383","0","21","1000000","1000000","4244544","node_budget_exhausted","1000000"
"0","0","0","full","0","0","0","standard_gs_sub_plus_auto_cov_every_pop_compact_cpp","null","null","","","(YXyXYxxx, YYYYYYXyyyyyx)","total_length","0","0","0","0","0","0","0","0","0","0","0","0","0","0","0","","","0","0","auto_cov","1049.51","24","0","true","4445381","1000000","0","(YXyXYxxx, YYYYYYXyyyyyx)","21","null","null","5000091","26","65001008","0","21_12","5000000","0","null","1000000","deepest","(YXyXYxxx, YYYYYYXyyyyyx)","null","0","62","single_queue_standard_and_auto_cov_every_pop","total_length","3445381","YXyXYxxx","YYYYYYXyyyyyx","false","false","false","false","","0","0.5162649381750128","64656216","125238441","0","21","1000000","1000000","3445381","node_budget_exhausted","1000000"
"0","0","0","full","0","0","0","standard_gs_sub_plus_auto_cov_every_pop_compact_cpp","null","null","","","(YXXXyxYx, YYYYYYXyyyyyx)","total_length","0","0","0","0","0","0","0","0","0","0","0","0","0","0","0","","","0","0","auto_cov","1149.526","24","0","true","4793165","1000000","0","(YXXXyxYx, YYYYYYXyyyyyx)","21","null","null","5000105","26","65001200","0","21_13","5000000","0","null","1000000","deepest","(YXXXyxYx, YYYYYYXyyyyyx)","null","0","63","single_queue_standard_and_auto_cov_every_pop","total_length","3793165","YXXXyxYx","YYYYYYXyyyyyx","false","false","false","false","","0","0.49099120600143026","65976633","134374368","0","21","1000000","1000000","3793165","node_budget_exhausted","1000000"
"0","0","0","full","0","0","0","standard_gs_sub_plus_auto_cov_every_pop_compact_cpp","null","null","","","(YYxxxYXX, YYYYYYXyyyyyx)","total_length","0","0","0","0","0","0","0","0","0","0","0","0","0","0","0","","","0","0","auto_cov","1176.53","24","0","true","5295236","1000000","0","(YYxxxYXX, YYYYYYXyyyyyx)","21","null","null","5000097","25","62501017","0","21_14","5000000","0","null","1000000","deepest","(YYxxxYXX, YYYYYYXyyyyyx)","null","0","64","single_queue_standard_and_auto_cov_every_pop","total_length","4295236","YYxxxYXX","YYYYYYXyyyyyx","false","false","false","false","","0","0.48925310659765014","63077925","128926979","0","21","1000000","1000000","4295236","node_budget_exhausted","1000000"
"0","0","0","full","0","0","0","standard_gs_sub_plus_auto_cov_every_pop_compact_cpp","null","null","","","(YYxxxyXX, YYYYYYXyyyyyx)","total_length","0","0","0","0","0","0","0","0","0","0","0","0","0","0","0","","","0","0","auto_cov","1230.246","24","0","true","3878778","1000000","0","(YYxxxyXX, YYYYYYXyyyyyx)","21","null","null","5000073","25","62500810","0","21_15","5000000","0","null","1000000","deepest","(YYxxxyXX, YYYYYYXyyyyyx)","null","0","65","single_queue_standard_and_auto_cov_every_pop","total_length","2878778","YYxxxyXX","YYYYYYXyyyyyx","false","false","false","false","","0","0.479947190885951","61612039","128372538","0","21","1000000","1000000","2878778","node_budget_exhausted","1000000"
"0","0","0","full","0","0","0","standard_gs_sub_plus_auto_cov_every_pop_compact_cpp","null","null","","","(YYXXyxx, YYYYYXyXyx)","total_length","0","0","0","0","0","0","0","0","0","0","0","0","0","0","0","","","0","0","auto_cov","3688.196","24","0","true","5333217","1000000","0","(YYXXyxx, YYYYYXyXyx)","17","null","null","5000106","32","80001553","0","17_34","5000000","0","null","1000000","deepest","(YYXXyxx, YYYYYXyXyx)","null","0","66","single_queue_standard_and_auto_cov_every_pop","total_length","4333217","YYXXyxx","YYYYYXyXyx","false","false","false","false","","0","0.5309411330468156","75627401","142440275","0","17","1000000","1000000","4333217","node_budget_exhausted","1000000"
"0","0","0","full","0","0","0","standard_gs_sub_plus_auto_cov_every_pop_compact_cpp","null","null","","","(YYXXyx, YYYXYxyxyXXyX)","total_length","0","0","0","0","0","0","0","0","0","0","0","0","0","0","0","","","0","0","auto_cov","4216.194","24","1","true","4001482","1000000","2","(YXXyxYx, YYXyyXyxyxx)","18","null","null","5000095","30","75001342","0","19_33","5000000","0","null","1000000","deepest","(YYXXyx, YYYXYxyxyXXyX) -> (YYXXyx, YYXYxyxyXXYXX) -> (YXXyxYx, YYXyyXyxyxx)","null","2","67","single_queue_standard_and_auto_cov_every_pop","total_length","3001482","YYXXyx","YYYXYxyxyXXyX","false","false","false","false","","0","0.518532778952148","68629232","132352736","1","19","1000000","1000000","3001482","node_budget_exhausted","1000000"
"0","0","0","full","0","0","0","standard_gs_sub_plus_auto_cov_every_pop_compact_cpp","null","null","","","(YYxyxYX, YXyXXyxxx)","total_length","0","0","0","0","0","0","0","0","0","0","0","0","0","0","0","","","0","0","auto_cov","1241.15","24","0","true","4103064","1000000","0","(YYxyxYX, YXyXXyxxx)","16","null","null","5000112","35","87501741","0","16_6","5000000","0","null","1000000","deepest","(YYxyxYX, YXyXXyxxx)","null","0","68","single_queue_standard_and_auto_cov_every_pop","total_length","3103064","YYxyxYX","YXyXXyxxx","false","false","false","false","","0","0.5636184627730312","80832557","143417156","0","16","1000000","1000000","3103064","node_budget_exhausted","1000000"
"0","0","0","full","0","0","0","standard_gs_sub_plus_auto_cov_every_pop_compact_cpp","null","null","","","(YYxYxyX, YXXXyxxYx)","total_length","0","0","0","0","0","0","0","0","0","0","0","0","0","0","0","","","0","0","auto_cov","836.818","24","1","true","3780263","1000000","1","(YYxyXYX, YYXXXyxx)","15","null","null","5000119","34","85001413","0","16_7","5000000","0","null","1000000","deepest","(YYxYxyX, YXXXyxxYx) -> (YYxyXYX, YYXXXyxx)","null","1","69","single_queue_standard_and_auto_cov_every_pop","total_length","2780263","YYxYxyX","YXXXyxxYx","false","false","false","false","","0","0.5548330018035892","77501738","139684802","0","16","1000000","1000000","2780263","node_budget_exhausted","1000000"
"0","0","0","full","0","0","0","standard_gs_sub_plus_auto_cov_every_pop_compact_cpp","null","null","","","(YXXYxxx, YYYYYYYXyyyyyyx)","total_length","0","0","0","0","0","0","0","0","0","0","0","0","0","0","0","","","0","0","auto_cov","806.434","24","0","true","4035319","1000000","0","(YXXYxxx, YYYYYYYXyyyyyyx)","22","null","null","5000052","20","50000498","0","22_1","5000000","0","null","1000000","deepest","(YXXYxxx, YYYYYYYXyyyyyyx)","null","0","70","single_queue_standard_and_auto_cov_every_pop","total_length","3035319","YXXYxxx","YYYYYYYXyyyyyyx","false","false","false","false","","0","0.49863342834085606","49257583","98785160","0","22","1000000","1000000","3035319","node_budget_exhausted","1000000"
"0","0","0","full","0","0","0","standard_gs_sub_plus_auto_cov_every_pop_compact_cpp","null","null","","","(YYYxyyX, YXXXXXXXyxxxxxx)","total_length","0","0","0","0","0","0","0","0","0","0","0","0","0","0","0","","","0","0","auto_cov","927.449","24","0","true","3890445","1000000","0","(YYYxyyX, YXXXXXXXyxxxxxx)","22","null","null","5000052","21","52500555","0","22_2","5000000","0","null","1000000","deepest","(YYYxyyX, YXXXXXXXyxxxxxx)","null","0","71","single_queue_standard_and_auto_cov_every_pop","total_length","2890445","YYYxyyX","YXXXXXXXyxxxxxx","false","false","false","false","","0","0.525146065377424","50948726","97018200","0","22","1000000","1000000","2890445","node_budget_exhausted","1000000"
"0","0","0","full","0","0","0","standard_gs_sub_plus_auto_cov_every_pop_compact_cpp","null","null","","","(YXyXXYxx, YYYYXyXyx)","total_length","0","0","0","0","0","0","0","0","0","0","0","0","0","0","0","","","0","0","auto_cov","867.952","24","0","true","4931689","1000000","0","(YXyXXYxx, YYYYXyXyx)","17","null","null","5000102","33","82501741","0","17_37","5000000","0","null","1000000","deepest","(YXyXXYxx, YYYYXyXyx)","null","0","72","single_queue_standard_and_auto_cov_every_pop","total_length","3931689","YXyXXYxx","YYYYXyXyx","false","false","false","false","","0","0.5502583217723006","77294234","140468996","0","17","1000000","1000000","3931689","node_budget_exhausted","1000000"
"0","0","0","full","0","0","0","standard_gs_sub_plus_auto_cov_every_pop_compact_cpp","null","null","","","(YYYXXyx, YYXYxyxyXX)","total_length","0","0","0","0","0","0","0","0","0","0","0","0","0","0","0","","","0","0","auto_cov","1397.428","24","0","true","5693237","1000000","0","(YYYXXyx, YYXYxyxyXX)","17","null","null","5000119","32","80001433","0","17_38","5000000","0","null","1000000","deepest","(YYYXXyx, YYXYxyxyXX)","null","0","73","single_queue_standard_and_auto_cov_every_pop","total_length","4693237","YYYXXyx","YYXYxyxyXX","false","false","false","false","","0","0.5128357787172156","76770754","149698514","0","17","1000000","1000000","4693237","node_budget_exhausted","1000000"
"0","0","0","full","0","0","0","standard_gs_sub_plus_auto_cov_every_pop_compact_cpp","null","null","","","(YYYYXXyyx, YYYYYxyyXX)","total_length","0","0","0","0","0","0","0","0","0","0","0","0","0","0","0","","","0","0","auto_cov","1319.842","24","0","true","4635304","1000000","0","(YYYYXXyyx, YYYYYxyyXX)","19","null","null","5000109","26","65000964","0","19_35","5000000","0","null","1000000","deepest","(YYYYXXyyx, YYYYYxyyXX)","null","0","74","single_queue_standard_and_auto_cov_every_pop","total_length","3635304","YYYYXXyyx","YYYYYxyyXX","false","false","false","false","","0","0.4594962541348335","62675840","136401199","0","19","1000000","1000000","3635304","node_budget_exhausted","1000000"
"0","0","0","full","0","0","0","standard_gs_sub_plus_auto_cov_every_pop_compact_cpp","null","null","","","(YYXXYxxx, YYYYYYYXyyyyyyx)","total_length","0","0","0","0","0","0","0","0","0","0","0","0","0","0","0","","","0","0","auto_cov","1091.078","24","0","true","5637190","1000000","0","(YYXXYxxx, YYYYYYYXyyyyyyx)","23","null","null","5000072","24","60000856","0","23_1","5000000","0","null","1000000","deepest","(YYXXYxxx, YYYYYYYXyyyyyyx)","null","0","75","single_queue_standard_and_auto_cov_every_pop","total_length","4637190","YYXXYxxx","YYYYYYYXyyyyyyx","false","false","false","false","","0","0.49004744071711887","61475956","125448989","0","23","1000000","1000000","4637190","node_budget_exhausted","1000000"
"0","0","0","full","0","0","0","standard_gs_sub_plus_auto_cov_every_pop_compact_cpp","null","null","","","(YXyxxxYXX, YYYYYYXXXyxx)","total_length","0","0","0","0","0","0","0","0","0","0","0","0","0","0","0","","","0","0","auto_cov","1092.637","24","0","true","4334836","1000000","0","(YXyxxxYXX, YYYYYYXXXyxx)","21","null","null","5000084","25","62500892","0","21_30","5000000","0","null","1000000","deepest","(YXyxxxYXX, YYYYYYXXXyxx)","null","0","76","single_queue_standard_and_auto_cov_every_pop","total_length","3334836","YXyxxxYXX","YYYYYYXXXyxx","false","false","false","false","","0","0.4995988578895603","62353007","124806144","0","21","1000000","1000000","3334836","node_budget_exhausted","1000000"
"0","0","0","full","0","0","0","standard_gs_sub_plus_auto_cov_every_pop_compact_cpp","null","null","","","(YXXYxxxyX, YYYYYYYxxxYXX)","total_length","0","0","0","0","0","0","0","0","0","0","0","0","0","0","0","","","0","0","auto_cov","936.456","24","0","true","5587035","1000000","0","(YXXYxxxyX, YYYYYYYxxxYXX)","22","null","null","5000075","25","62500902","0","22_5","5000000","0","null","1000000","deepest","(YXXYxxxyX, YYYYYYYxxxYXX)","null","0","77","single_queue_standard_and_auto_cov_every_pop","total_length","4587035","YXXYxxxyX","YYYYYYYxxxYXX","false","false","false","false","","0","0.5116540432287023","64189690","125455258","0","22","1000000","1000000","4587035","node_budget_exhausted","1000000"
"0","0","0","full","0","0","0","standard_gs_sub_plus_auto_cov_every_pop_compact_cpp","null","null","","","(YYYYYxxyXXX, YYXyxxyxYXX)","total_length","0","0","0","0","0","0","0","0","0","0","0","0","0","0","0","","","0","0","auto_cov","999.472","24","0","true","4299182","1000000","0","(YYYYYxxyXXX, YYXyxxyxYXX)","22","null","null","5000069","19","47500538","0","22_6","5000000","0","null","1000000","deepest","(YYYYYxxyXXX, YYXyxxyxYXX)","null","0","78","single_queue_standard_and_auto_cov_every_pop","total_length","3299182","YYYYYxxyXXX","YYXyxxyxYXX","false","false","false","false","","0","0.47222574021079894","45351686","96038149","0","22","1000000","1000000","3299182","node_budget_exhausted","1000000"
"0","0","0","full","0","0","0","standard_gs_sub_plus_auto_cov_every_pop_compact_cpp","null","null","","","(YXXYxxyx, YYYYYYYXyyyyyyx)","total_length","0","0","0","0","0","0","0","0","0","0","0","0","0","0","0","","","0","0","auto_cov","1252.958","24","0","true","5538770","1000000","0","(YXXYxxyx, YYYYYYYXyyyyyyx)","23","null","null","5000045","18","45000369","0","23_2","5000000","0","null","1000000","deepest","(YXXYxxyx, YYYYYYYXyyyyyyx)","null","0","79","single_queue_standard_and_auto_cov_every_pop","total_length","4538770","YXXYxxyx","YYYYYYYXyyyyyyx","false","false","false","false","","0","0.465296290685987","44146495","94878244","0","23","1000000","1000000","4538770","node_budget_exhausted","1000000"
"0","0","0","full","0","0","0","standard_gs_sub_plus_auto_cov_every_pop_compact_cpp","null","null","","","(YXyXXyxx, YYYYYYYXyyyyyyx)","total_length","0","0","0","0","0","0","0","0","0","0","0","0","0","0","0","","","0","0","auto_cov","1092.983","24","0","true","5285069","1000000","0","(YXyXXyxx, YYYYYYYXyyyyyyx)","23","null","null","5000079","18","45000619","0","23_3","5000000","0","null","1000000","deepest","(YXyXXyxx, YYYYYYYXyyyyyyx)","null","0","80","single_queue_standard_and_auto_cov_every_pop","total_length","4285069","YXyXXyxx","YYYYYYYXyyyyyyx","false","false","false","false","","0","0.4633163470386035","43675159","94266389","0","23","1000000","1000000","4285069","node_budget_exhausted","1000000"
"0","0","0","full","0","0","0","standard_gs_sub_plus_auto_cov_every_pop_compact_cpp","null","null","","","(YXyXXYxxx, YYYYYYYxxxyXX)","total_length","0","0","0","0","0","0","0","0","0","0","0","0","0","0","0","","","0","0","auto_cov","1426.892","24","0","true","5574693","1000000","0","(YXyXXYxxx, YYYYYYYxxxyXX)","22","null","null","5000057","25","62500736","0","22_7","5000000","0","null","1000000","deepest","(YXyXXYxxx, YYYYYYYxxxyXX)","null","0","81","single_queue_standard_and_auto_cov_every_pop","total_length","4574693","YXyXXYxxx","YYYYYYYxxxyXX","false","false","false","false","","0","0.5129287770998359","63683096","124155826","0","22","1000000","1000000","4574693","node_budget_exhausted","1000000"
"0","0","0","full","0","0","0","standard_gs_sub_plus_auto_cov_every_pop_compact_cpp","null","null","","","(YYYYYxxYXXX, YYXyxxYxyXX)","total_length","0","0","0","0","0","0","0","0","0","0","0","0","0","0","0","","","0","0","auto_cov","1229.752","24","0","true","3503159","1000000","0","(YYYYYxxYXXX, YYXyxxYxyXX)","22","null","null","5000059","19","47500546","0","22_8","5000000","0","null","1000000","deepest","(YYYYYxxYXXX, YYXyxxYxyXX)","null","0","82","single_queue_standard_and_auto_cov_every_pop","total_length","2503159","YYYYYxxYXXX","YYXyxxYxyXX","false","false","false","false","","0","0.4671395993074767","44356333","94953057","0","22","1000000","1000000","2503159","node_budget_exhausted","1000000"
"0","0","0","full","0","0","0","standard_gs_sub_plus_auto_cov_every_pop_compact_cpp","null","null","","","(YXyxxxyXX, YYYYYYXXYxxx)","total_length","0","0","0","0","0","0","0","0","0","0","0","0","0","0","0","","","0","0","auto_cov","1374.895","24","0","true","4538802","1000000","0","(YXyxxxyXX, YYYYYYXXYxxx)","21","null","null","5000071","25","62500722","0","21_31","5000000","0","null","1000000","deepest","(YXyxxxyXX, YYYYYYXXYxxx)","null","0","83","single_queue_standard_and_auto_cov_every_pop","total_length","3538802","YXyxxxyXX","YYYYYYXXYxxx","false","false","false","false","","0","0.5082552317343461","62395675","122764452","0","21","1000000","1000000","3538802","node_budget_exhausted","1000000"
"0","0","0","full","0","0","0","standard_gs_sub_plus_auto_cov_every_pop_compact_cpp","null","null","","","(YYXXXyxx, YYYYYYYXyyyyyyx)","total_length","0","0","0","0","0","0","0","0","0","0","0","0","0","0","0","","","0","0","auto_cov","1349.45","24","0","true","5292131","1000000","0","(YYXXXyxx, YYYYYYYXyyyyyyx)","23","null","null","5000067","24","60000871","0","23_4","5000000","0","null","1000000","deepest","(YYXXXyxx, YYYYYYYXyyyyyyx)","null","0","84","single_queue_standard_and_auto_cov_every_pop","total_length","4292131","YYXXXyxx","YYYYYYYXyyyyyyx","false","false","false","false","","0","0.48682917786043806","61107682","125521815","0","23","1000000","1000000","4292131","node_budget_exhausted","1000000"
"0","0","0","full","0","0","0","standard_gs_sub_plus_auto_cov_every_pop_compact_cpp","null","null","","","(YXYXYxxx, YYYYYYYXyyyyyyx)","total_length","0","0","0","0","0","0","0","0","0","0","0","0","0","0","0","","","0","0","auto_cov","1355.272","24","0","true","5042915","1000000","0","(YXYXYxxx, YYYYYYYXyyyyyyx)","23","null","null","5000085","29","72501073","0","23_5","5000000","0","null","1000000","deepest","(YXYXYxxx, YYYYYYYXyyyyyyx)","null","0","85","single_queue_standard_and_auto_cov_every_pop","total_length","4042915","YXYXYxxx","YYYYYYYXyyyyyyx","false","false","false","false","","0","0.6067474449276464","74313415","122478332","0","23","1000000","1000000","4042915","node_budget_exhausted","1000000"
"0","0","0","full","0","0","0","standard_gs_sub_plus_auto_cov_every_pop_compact_cpp","null","null","","","(YXYxxxyX, YYYYYYYXyyyyyyx)","total_length","0","0","0","0","0","0","0","0","0","0","0","0","0","0","0","","","0","0","auto_cov","1389.397","24","0","true","3851168","1000000","0","(YXYxxxyX, YYYYYYYXyyyyyyx)","23","null","null","5000087","26","65000812","0","23_6","5000000","0","null","1000000","deepest","(YXYxxxyX, YYYYYYYXyyyyyyx)","null","0","86","single_queue_standard_and_auto_cov_every_pop","total_length","2851168","YXYxxxyX","YYYYYYYXyyyyyyx","false","false","false","false","","0","0.5281584006354202","66109962","125170710","0","23","1000000","1000000","2851168","node_budget_exhausted","1000000"
"0","0","0","full","0","0","0","standard_gs_sub_plus_auto_cov_every_pop_compact_cpp","null","null","","","(YXyXYxxx, YYYYYYYXyyyyyyx)","total_length","0","0","0","0","0","0","0","0","0","0","0","0","0","0","0","","","0","0","auto_cov","1370.52","24","0","true","3878335","1000000","0","(YXyXYxxx, YYYYYYYXyyyyyyx)","23","null","null","5000081","26","65000966","0","23_7","5000000","0","null","1000000","deepest","(YXyXYxxx, YYYYYYYXyyyyyyx)","null","0","87","single_queue_standard_and_auto_cov_every_pop","total_length","2878335","YXyXYxxx","YYYYYYYXyyyyyyx","false","false","false","false","","0","0.53197936863317","65677643","123459004","0","23","1000000","1000000","2878335","node_budget_exhausted","1000000"
"0","0","0","full","0","0","0","standard_gs_sub_plus_auto_cov_every_pop_compact_cpp","null","null","","","(YXXXyxYx, YYYYYYYXyyyyyyx)","total_length","0","0","0","0","0","0","0","0","0","0","0","0","0","0","0","","","0","0","auto_cov","1391.453","24","0","true","3804424","1000000","0","(YXXXyxYx, YYYYYYYXyyyyyyx)","23","null","null","5000065","25","62500759","0","23_8","5000000","0","null","1000000","deepest","(YXXXyxYx, YYYYYYYXyyyyyyx)","null","0","88","single_queue_standard_and_auto_cov_every_pop","total_length","2804424","YXXXyxYx","YYYYYYYXyyyyyyx","false","false","false","false","","0","0.5138040822003287","63549210","123683739","0","23","1000000","1000000","2804424","node_budget_exhausted","1000000"
"0","0","0","full","0","0","0","standard_gs_sub_plus_auto_cov_every_pop_compact_cpp","null","null","","","(YYxxxYXX, YXYxxyXyXyXYxYx)","total_length","0","0","0","0","0","0","0","0","0","0","0","0","0","0","0","","","0","0","auto_cov","1362.748","24","1","true","4272351","1000000","1","(YXYxxYXXX, YYYXXYxxyyyX)","21","null","null","5000074","25","62501103","0","23_9","5000000","0","null","1000000","deepest","(YYxxxYXX, YXYxxyXyXyXYxYx) -> (YXYxxYXXX, YYYXXYxxyyyX)","null","1","89","single_queue_standard_and_auto_cov_every_pop","total_length","3272351","YYxxxYXX","YXYxxyXyXyXYxYx","false","false","false","false","","0","0.4957394045159759","62444661","125962674","0","23","1000000","1000000","3272351","node_budget_exhausted","1000000"
"0","0","0","full","0","0","0","standard_gs_sub_plus_auto_cov_every_pop_compact_cpp","null","null","","","(YYxxxyXX, YYYYYxxYXyxyxyX)","total_length","0","0","0","0","0","0","0","0","0","0","0","0","0","0","0","","","0","0","auto_cov","1346.492","24","1","true","4450642","1000000","3","(YXXXyXyxx, YYYXyyyXYxxx)","21","null","null","5000105","25","62500896","0","23_10","5000000","0","null","1000000","deepest","(YYxxxyXX, YYYYYxxYXyxyxyX) -> (YYxxxyXX, YYYxxYXYXyxyxyX) -> (YYxxxyXX, YXYXYXyxyxyXYxx) -> (YXXXyXyxx, YYYXyyyXYxxx)","null","3","90","single_queue_standard_and_auto_cov_every_pop","total_length","3450642","YYxxxyXX","YYYYYxxYXyxyxyX","false","false","false","false","","0","0.4961579317626974","62537130","126042790","2","23","1000000","1000000","3450642","node_budget_exhausted","1000000"
"0","0","0","full","0","0","0","standard_gs_sub_plus_auto_cov_every_pop_compact_cpp","null","null","","","(YYYXXYxyX, YYxYXXYXX)","total_length","0","0","0","0","0","0","0","0","0","0","0","0","0","0","0","","","0","0","auto_cov","1299.72","24","3","true","5509114","1000000","5","(YYXyXyx, YXYXXyXXX)","16","null","null","5000095","32","80001509","0","18_4","5000000","0","null","1000000","deepest","(YYYXXYxyX, YYxYXXYXX) -> (YYXyXYxyX, YYxYXyXXyX) -> (YYXyXyXYX, YXYXyXYxyX) -> (YYXyXyXYX, YXyXXyxYx) -> (YYXXyXXX, YXyXXyxYx) -> (YYXyXyx, YXYXXyXXX)","null","5","91","single_queue_standard_and_auto_cov_every_pop","total_length","4509114","YYYXXYxyX","YYxYXXYXX","false","false","false","false","","0","0.5373602102775075","74417656","138487470","2","18","1000000","1000000","4509114","node_budget_exhausted","1000000"
"0","0","0","full","0","0","0","standard_gs_sub_plus_auto_cov_every_pop_compact_cpp","null","null","","","(YYxxyX, YYYYYYYxyxyXyxx)","total_length","0","0","0","0","0","0","0","0","0","0","0","0","0","0","0","","","0","0","auto_cov","1261.867","24","10","true","3923350","1000000","65","(YYxyXYX, YYXXXyXyxYxx)","19","null","null","5000111","26","65000991","0","21_35","5000000","0","null","1000000","deepest","(YYxxyX, YYYYYYYxyxyXyxx) -> (YYxxyX, YYYYYYYxyXyyyxx) -> (YYxxyX, YYYYYYYxyXyxxyx) -> (YYxxyX, YYYYYYxyXyxxYxx) -> (YYxxyX, YYYYxYXyXyxxYxx) -> (YYxxyX, YYxYXYXyXyxxYxx) -> (YYxxyX, YYYxYXYXyXyxxyx) -> (YYxxyX, YYYxYXYXyXyyyxx) -> (YYxxyX, YYYxYXYXyxyXyxx) -> (YYxxyX, YXYXYXyxyXyxxYx) -> (YXXyXyx, YYYXyyXXyxxYxx) -> (YXXyXyx, YYYYXyyXXyxyx) -> (YXXyXyx, YYYYXyyXYxxyyx) -> (YXXyXyx, YYYYXyXXyxyyx) -> (YXXyXyx, YYYXyXXyxyxYxx) -> (YXYXXyx, YYYXXYXyxyyxxyx) -> (YYXXyx, YYxyxyXyXyXYXYx) -> (YYXXyx, YYYXYYxyxyXyXyX) -> (YYXXyx, YYXYYxyxyXyXYXX) -> (YYXXyx, YYXYYxyxyXYXXXX) -> (YYXXyx, YYXYYxyxYXXXXXX) -> (YYXXyx, YYXYYxxxyXXXXXX) -> (YYXXyx, YYxxxyXXXXXXXYx) -> (YYXXyx, YYxxxxxyXXXXXXX) -> (YYXXyx, YYxxxyxYXXXXXXX) -> (YYXXyx, YYxyxYxYXXXXXXX) -> (YYXXyx, YYxyxYxyXYXXXXX) -> (YYXXyx, YYxyxYxyXyXYXXX) -> (YYXXyx, YYxyxYxyXyXyXYX) -> (YYXYXyx, YYXYYxyyxxyXXX) -> (YYXYXyx, YYXyXyxxxxYXX) -> (YYXYXyx, YYXyxxyXXXXYxx) -> (YYXYXyx, YYXyXXyxxxxYX) -> (YYXyxYx, YYxYXyXXXyxxxx) -> (YYXyxYx, YYxYXyXXyyXyxxx) -> (YYXyxx, YXYXYxYxyxxyXyX) -> (YYXyxx, YYYxyxxyXyXYXYx) -> (YYXyxx, YYYYYxyxxyXyXYx) -> (YYXyxx, YYYYYYYxyxxyXyx) -> (YYXyxx, YYYYYYYxxyyyXyx) -> (YYXyxx, YYYYYYYxxyXyxyx) -> (YYXyxx, YYYYYxxyXyxyXYx) -> (YYXyxx, YYYxxyXyxyXYXYx) -> (YYXyxx, YXYXYxYxxyXyxyX) -> (YXyxxYx, YYYxxYxxyXXyyX) -> (YXyxxYx, YYYYxyxyXXyyX) -> (YXyxxYx, YYYYxyyxxYXyyX) -> (YXyxxYx, YYYYxyyxyXXyX) -> (YXYxyXX, YYYYxyyyxyXYXX) -> (YXYxyXX, YYYxyxxyyxyXYXX) -> (YYxyXX, YYxYXYXyXyXyxyx) -> (YYxyXX, YYYXyXyXyxyxYYX) -> (YYxyXX, YYXYYXXYXyXyxyx) -> (YYxyXX, YYXYYXXXXYXyxyx) -> (YYxyXX, YYXYYXXXXXXYxyx) -> (YYxyXX, YYxYXXXXXXXYxyx) -> (YYxyXX, YYxYXXXXXXXyxxx) -> (YYxyXX, YYxYxYXXXXXXXyx) -> (YYxyXX, YYXXXXXXyxYYxYX) -> (YYxyXX, YYYYXXXXXXyxYYX) -> (YYxyXX, YYYYXYXyyXXXyxYYX) -> (YYxyXX, YYYYXYXyXyyXyxYYX) -> (YYxyXX, YYXYXyXyyXyxYYxYX) -> (YYxyXX, YYxYxYXXYXyXyyXyx) -> (YYxyXYX, YYXXyXyxYxxYXYX) -> (YYxyXYX, YYXXXyXyxYxx)","null","65","92","single_queue_standard_and_auto_cov_every_pop","total_length","2923350","YYxxyX","YYYYYYYxyxyXyxx","false","false","false","false","","0","0.4780004510160933","59700232","124895765","55","21","1000000","1000000","2923350","node_budget_exhausted","1000000"
"0","0","0","full","0","0","0","standard_gs_sub_plus_auto_cov_every_pop_compact_cpp","null","null","","","(YXXYxxx, YYYYYYYYXyyyyyyyx)","total_length","0","0","0","0","0","0","0","0","0","0","0","0","0","0","0","","","0","0","auto_cov","1252.495","24","0","true","4690130","1000000","0","(YXXYxxx, YYYYYYYYXyyyyyyyx)","24","null","null","5000055","20","50000609","0","24_1","5000000","0","null","1000000","deepest","(YXXYxxx, YYYYYYYYXyyyyyyyx)","null","0","93","single_queue_standard_and_auto_cov_every_pop","total_length","3690130","YXXYxxx","YYYYYYYYXyyyyyyyx","false","false","false","false","","0","0.5204380712838054","50905340","97812483","0","24","1000000","1000000","3690130","node_budget_exhausted","1000000"
"0","0","0","full","0","0","0","standard_gs_sub_plus_auto_cov_every_pop_compact_cpp","null","null","","","(YYYXyyx, YXXXXXXXyxxxxxxxx)","total_length","0","0","0","0","0","0","0","0","0","0","0","0","0","0","0","","","0","0","auto_cov","1289.528","24","0","true","3893132","1000000","0","(YYYXyyx, YXXXXXXXyxxxxxxxx)","24","null","null","5000055","22","55000620","0","24_2","5000000","0","null","1000000","deepest","(YYYXyyx, YXXXXXXXyxxxxxxxx)","null","0","94","single_queue_standard_and_auto_cov_every_pop","total_length","2893132","YYYXyyx","YXXXXXXXyxxxxxxxx","false","false","false","false","","0","0.5423394434190406","54800842","101045282","0","24","1000000","1000000","2893132","node_budget_exhausted","1000000"
"0","0","0","full","0","0","0","standard_gs_sub_plus_auto_cov_every_pop_compact_cpp","null","null","","","(YYYXYxyx, YYXXYxxyXyx)","total_length","0","0","0","0","0","0","0","0","0","0","0","0","0","0","0","","","0","0","auto_cov","1302.884","24","11","true","3862169","1000000","22","(YYXYxxyyx, YYxxxyXyX)","18","null","null","5000154","27","67501262","0","19_39","5000000","0","null","1000000","deepest","(YYYXYxyx, YYXXYxxyXyx) -> (YYYXYxyx, YXYxxYXXyxx) -> (YYxyxYxYx, YYxxxYXXyxx) -> (YYXyXXX, YXYXyXYXYxyxyX) -> (YXyXXXYx, YYXyyxYxyyx) -> (YXyXXXYx, YYXyyXXYxyx) -> (YXYXYxYXX, YYXyXYXYxyyx) -> (YYYxxYX, YYxyXyxYxYXyX) -> (YYYxyxYX, YYxyXyxxYXX) -> (YYYxyxYX, YXYxxyXXYxx) -> (YYxYxYxyx, YYxxyXXYxxx) -> (YYXXXyX, YXYXyXYXYXyxyx) -> (YXXXyXYx, YYXyyxYYXyX) -> (YXXXyXYx, YYxyxYXXyyX) -> (YXXXyXYx, YYxxYXXXXXyyX) -> (YXXXyXYx, YYxxYXXyXyxyX) -> (YYXXXyX, YYxxyXyxyxYXX) -> (YYXXXyX, YYxxyXyxYXXXXX) -> (YYXXXyX, YYxxyXYXXXXXXXX) -> (YYXXXyX, YXXXXXyxxxxxxxyx) -> (YXYxxxxxyX, YXXXyXYxxxxxx) -> (YYxxxyXyX, YXYxxxxxyX) -> (YYXYxxyyx, YYxxxyXyX)","null","22","95","single_queue_standard_and_auto_cov_every_pop","total_length","2862169","YYYXYxyx","YYXXYxxyXyx","false","false","false","false","","0","0.4742450573136223","63691612","134301056","11","19","1000000","1000000","2862169","node_budget_exhausted","1000000"
"0","0","0","full","0","0","0","standard_gs_sub_plus_auto_cov_every_pop_compact_cpp","null","null","","","(YYXyyxx, YXXXyxYx)","total_length","0","0","0","0","0","0","0","0","0","0","0","0","0","0","0","","","0","0","auto_cov","1318.954","24","0","true","5318342","1000000","0","(YYXyyxx, YXXXyxYx)","15","null","null","5000101","36","90002007","0","15_12","5000000","0","null","1000000","deepest","(YYXyyxx, YXXXyxYx)","null","0","96","single_queue_standard_and_auto_cov_every_pop","total_length","4318342","YYXyyxx","YXXXyxYx","false","false","false","false","","0","0.5693306867458648","84596467","148589333","0","15","1000000","1000000","4318342","node_budget_exhausted","1000000"
"0","0","0","full","0","0","0","standard_gs_sub_plus_auto_cov_every_pop_compact_cpp","null","null","","","(YXYXyxx, YYYYYYxyXyx)","total_length","0","0","0","0","0","0","0","0","0","0","0","0","0","0","0","","","0","0","auto_cov","1271.617","24","0","true","5469832","1000000","0","(YXYXyxx, YYYYYYxyXyx)","18","null","null","5000115","29","72501359","0","18_6","5000000","0","null","1000000","deepest","(YXYXyxx, YYYYYYxyXyx)","null","0","97","single_queue_standard_and_auto_cov_every_pop","total_length","4469832","YXYXyxx","YYYYYYxyXyx","false","false","false","false","","0","0.5382675083261358","68130199","126573122","0","18","1000000","1000000","4469832","node_budget_exhausted","1000000"
"0","0","0","full","0","0","0","standard_gs_sub_plus_auto_cov_every_pop_compact_cpp","null","null","","","(YYXYXyx, YXYxxxyXXX)","total_length","0","0","0","0","0","0","0","0","0","0","0","0","0","0","0","","","0","0","auto_cov","1289.048","24","1","true","5323290","1000000","1","(YYXyxYx, YYxxxyXXX)","16","null","null","5000130","31","77501520","0","17_41","5000000","0","null","1000000","deepest","(YYXYXyx, YXYxxxyXXX) -> (YYXyxYx, YYxxxyXXX)","null","1","98","single_queue_standard_and_auto_cov_every_pop","total_length","4323290","YYXYXyx","YXYxxxyXXX","false","false","false","false","","0","0.530561336317128","72593042","136823091","0","17","1000000","1000000","4323290","node_budget_exhausted","1000000"
"0","0","0","full","0","0","0","standard_gs_sub_plus_auto_cov_every_pop_compact_cpp","null","null","","","(YYYXXyx, YYXYXyXyxxx)","total_length","0","0","0","0","0","0","0","0","0","0","0","0","0","0","0","","","0","0","auto_cov","1295.573","24","0","true","5404996","1000000","0","(YYYXXyx, YYXYXyXyxxx)","18","null","null","5000092","26","65000913","0","18_8","5000000","0","null","1000000","deepest","(YYYXXyx, YYXYXyXyxxx)","null","0","99","single_queue_standard_and_auto_cov_every_pop","total_length","4404996","YYYXXyx","YYXYXyXyxxx","false","false","false","false","","0","0.47076570109661375","62130421","131977374","0","18","1000000","1000000","4404996","node_budget_exhausted","1000000"
"0","0","0","full","0","0","0","standard_gs_sub_plus_auto_cov_every_pop_compact_cpp","null","null","","","(YYXYYxyyx, YYYYYYYxxxx)","total_length","0","0","0","0","0","0","0","0","0","0","0","0","0","0","0","","","0","0","auto_cov","1312.151","24","0","true","5536134","1000000","0","(YYXYYxyyx, YYYYYYYxxxx)","20","null","null","5000134","23","57500781","0","20_10","5000000","0","null","1000000","deepest","(YYXYYxyyx, YYYYYYYxxxx)","null","0","100","single_queue_standard_and_auto_cov_every_pop","total_length","4536134","YYXYYxyyx","YYYYYYYxxxx","false","false","false","false","","0","0.46319247822023557","56888648","122818592","0","20","1000000","1000000","4536134","node_budget_exhausted","1000000"
"0","0","0","full","0","0","0","standard_gs_sub_plus_auto_cov_every_pop_compact_cpp","null","null","","","(YYYxxYX, YXyxxxyXyXyX)","total_length","0","0","0","0","0","0","0","0","0","0","0","0","0","0","0","","","0","0","auto_cov","1319.348","24","0","true","4432195","1000000","0","(YYYxxYX, YXyxxxyXyXyX)","19","null","null","5000135","28","70001512","0","19_40","5000000","0","null","1000000","deepest","(YYYxxYX, YXyxxxyXyXyX)","null","0","101","single_queue_standard_and_auto_cov_every_pop","total_length","3432195","YYYxxYX","YXyxxxyXyXyX","false","false","false","false","","0","0.48142690510992964","66504032","138139417","0","19","1000000","1000000","3432195","node_budget_exhausted","1000000"
"0","0","0","full","0","0","0","standard_gs_sub_plus_auto_cov_every_pop_compact_cpp","null","null","","","(YYYxxyX, YXYXyXyxxYx)","total_length","0","0","0","0","0","0","0","0","0","0","0","0","0","0","0","","","0","0","auto_cov","1318.415","24","0","true","5116248","1000000","0","(YYYxxyX, YXYXyXyxxYx)","18","null","null","5000088","28","70001083","0","18_9","5000000","0","null","1000000","deepest","(YYYxxyX, YXYXyXyxxYx)","null","0","102","single_queue_standard_and_auto_cov_every_pop","total_length","4116248","YYYxxyX","YXYXyXyxxYx","false","false","false","false","","0","0.4828628221306718","66901574","138551926","0","18","1000000","1000000","4116248","node_budget_exhausted","1000000"
"0","0","0","full","0","0","0","standard_gs_sub_plus_auto_cov_every_pop_compact_cpp","null","null","","","(YYXXYxxx, YYYYYYYYXyyyyyyyx)","total_length","0","0","0","0","0","0","0","0","0","0","0","0","0","0","0","","","0","0","auto_cov","1367.992","24","1","true","4463632","1000000","8","(YXYXXXYxx, YYYYXyyyxxYXX)","22","null","null","5000080","26","65001062","0","25_1","5000000","0","null","1000000","deepest","(YYXXYxxx, YYYYYYYYXyyyyyyyx) -> (YYXXYxxx, YYYYYYYxyyyyyyXXYxx) -> (YYXXYxxx, YYYYYYYxyyyyXXYxYxx) -> (YYXXYxxx, YYYYYYYxyyXXYxYxYxx) -> (YYXXYxxx, YYYYYYYXYxYxYxYxx) -> (YYXXYxxx, YYYYYXYxYxYxYXyxx) -> (YYXXYxxx, YYYXYxYxYxYXyXyxx) -> (YYXXYxxx, YXYxYxYxYXyXyXyxx) -> (YXYXXXYxx, YYYYXyyyxxYXX)","null","8","103","single_queue_standard_and_auto_cov_every_pop","total_length","3463632","YYXXYxxx","YYYYYYYYXyyyyyyyx","false","false","false","false","","0","0.5131728954738326","65973237","128559473","7","25","1000000","1000000","3463632","node_budget_exhausted","1000000"
"0","0","0","full","0","0","0","standard_gs_sub_plus_auto_cov_every_pop_compact_cpp","null","null","","","(YXXYxxYx, YYYYYYYYXyyyyyyyx)","total_length","0","0","0","0","0","0","0","0","0","0","0","0","0","0","0","","","0","0","auto_cov","1395.438","24","15","true","5725227","1000000","34","(YYYxyXyyX, YYYXyyxxxxxxx)","22","null","null","5000083","26","65000960","0","25_2","5000000","0","null","1000000","deepest","(YXXYxxYx, YYYYYYYYXyyyyyyyx) -> (YXYXYxyxx, YYYYYYYYXyyyyyyyx) -> (YXYXYxyxx, YYYYYYYxxYXYXyyyyyyx) -> (YXYXYxyxx, YYYYYYYxxYxYXYXyyyyyx) -> (YXYXYxyxx, YYYYYYYxxYxYxYXYXyyyyx) -> (YXYXYxyxx, YYYYYYYxxYxYxYxYXYXyyyx) -> (YXYXYxyxx, YYYYYYYxxYxYxYxYxYXYXyyx) -> (YYXYxyyxyxYX, YYYYYYxyxxxxxYXYYXyyx) -> (YYXYxyyxyxYX, YYYYYYxyxxxxxxYXYYXyx) -> (YYXYxyyxyxYX, YYYYYYYYxyxxxxxxxYX) -> (YXYXYxyxx, YYYYYYYYxxYxYxYxYxYxYxYX) -> (YXyxxyxxyXX, YYYYYYYXXYXYXYXYXYXYXYXYx) -> (YXyXXyXYxxYx, YYYYYYYXyXXXXXXXXYx) -> (YYXyXyXYx, YYXYXYXYXYXYXYXyXXXXXXXX) -> (YYXyyXyyXYx, YYxxxxxxxyxYxYxYxYxYxYxYx) -> (YYXYXyxyyxyX, YYYYYYYYXYxxxxxxxyx) -> (YXYXYxxyx, YYYYYYYYXYxYxYxYxYxYxYxx) -> (YXXYXXYxxyx, YYYYYYYxYXYXYXYXYXYXYXYXX) -> (YXyXXyXYxYxx, YYYYYYYxYXXXXXXXXyX) -> (YXyXXyXYxYxx, YYYYYYxYXXXXXXYxyXXyX) -> (YXyXXyXYxYxx, YYYYYxYXXXXXXYxxyXXyX) -> (YXyXXyXYxYxx, YYYYxYXXXXXXYxxxyXXyX) -> (YYxYXyXyX, YYXXXXXXXYxxxyXyXYXYXYX) -> (YYxYXyXyX, YYXXXXXXXYxxxxyXyXYXYX) -> (YYxYXyXyX, YYXXXXXXXYxxxxxyXyXYX) -> (YYxYXyXyX, YYXXXXXXXYxxxxxxyXyX) -> (YYxYXyXyX, YXXXXXXXyxxxxxxxx) -> (YYXyyXYX, YXXXXXXXyxxxxxxxx) -> (YXXXXXXXyxxxxxxxx, YYxyxxxxxxxyXXXXXXXyx) -> (YXXXXXXXyxxxxxxxx, YYXXXXXXXYXyyxxxxxxx) -> (YXXXXXXXyxxxxxxxx, YXyXyxxxxxxxYxYXXXXXX) -> (YXXXXXXXyxxxxxxxx, YXyxxxxxxyXYxYXXXXXX) -> (YYXyyXYxxxxxxx, YXXXXXXXyxxxxxxxx) -> (YYYXyyxxxxxxx, YYXyyXYxxxxxxx) -> (YYYxyXyyX, YYYXyyxxxxxxx)","null","34","104","single_queue_standard_and_auto_cov_every_pop","total_length","4725227","YXXYxxYx","YYYYYYYYXyyyyyyyx","false","false","false","false","","0","0.5135903100677981","67165574","130776560","19","25","1000000","1000000","4725227","node_budget_exhausted","1000000"
"0","0","0","full","0","0","0","standard_gs_sub_plus_auto_cov_every_pop_compact_cpp","null","null","","","(YXXYxYxx, YYYYYYYYXyyyyyyyx)","total_length","0","0","0","0","0","0","0","0","0","0","0","0","0","0","0","","","0","0","auto_cov","1403.819","24","15","true","4903826","1000000","37","(YYYXyyXyx, YYYXXXXXXXXyyX)","23","null","null","5000073","27","67500928","0","25_3","5000000","0","null","1000000","deepest","(YXXYxYxx, YYYYYYYYXyyyyyyyx) -> (YXYXYxxyx, YYYYYYYYXyyyyyyyx) -> (YXYXYxxyx, YYYYYYYXyyyyyyXXyxyx) -> (YXYXYxxyx, YYYYYYXyyyyyyXXyXyxyx) -> (YXYXYxxyx, YYYYYYxyyyyyXYXYxYxYxx) -> (YXYXYxxyx, YYYYYYxyyyyXYXYxYxYxYxx) -> (YXYXYxxyx, YYYYYYxyyyXYXYxYxYxYxYxx) -> (YYXYXyxyyxyX, YYYYYxyyyXYYXYxxxxxyx) -> (YYXYXyxyyxyX, YYYYYxyyXYYXYxxxxxxyx) -> (YYXYXyxyyxyX, YYYYYxyXYYXYxxxxxxxyx) -> (YYXYXyxyyxyX, YYYYYYYXYxxxxxxxxyx) -> (YXYXYxxyx, YYYYYYYXYxYxYxYxYxYxYxYxx) -> (YXXYXXYxxyx, YYYYYYYYxYXYXYXYXYXYXYXX) -> (YXyXXyXYxYxx, YYYYYYYYxYXXXXXXXyX) -> (YYxYXyXyX, YYXXXXXXXyXYXYXYXYXYXYXYX) -> (YYxYYxyXyyx, YYxYxYxYxYxYxYxyxxxxxxxx) -> (YYXYxyyxyxYX, YYYYYYYxyxxxxxxxxYX) -> (YXYXYxyxx, YYYYYYYxxYxYxYxYxYxYxYxYX) -> (YXyxxyxxyXX, YYYYYYYYXXYXYXYXYXYXYXYx) -> (YXyXXyXYxxYx, YYYYYYYYXyXXXXXXXYx) -> (YXyXXyXYxxYx, YYYYYYYXyXXyxYXXXXXYx) -> (YXyXXyXYxxYx, YYYYYYXyXXyxxYXXXXXYx) -> (YXyXXyXYxxYx, YYYYYXyXXyxxxYXXXXXYx) -> (YXyXXyXYxxYx, YYYYXyXXyxxxxYXXXXXYx) -> (YYXyXyXYx, YYXYXYXYXyXyxxxxYXXXXXX) -> (YYXyXyXYx, YYXYXYXyXyxxxxxYXXXXXX) -> (YYXyXyXYx, YYXYXyXyxxxxxxYXXXXXX) -> (YYXyXyXYx, YYXyXyxxxxxxxYXXXXXX) -> (YYXyXyXYx, YXXXXXXXyxxxxxxxx) -> (YYXYXyyX, YXXXXXXXyxxxxxxxx) -> (YXXXXXXXyxxxxxxxx, YYXYXyXXXXXXXyxxxxxxx) -> (YXXXXXXXyxxxxxxxx, YXYXyXXXXXXXyXYxxxxxxx) -> (YXyXyXYxYXXXXXXX, YXXXXXXXyxxxxxxxx) -> (YYXyXyXYXXXXXXX, YXyXyXYxYXXXXXXX) -> (YXyXyXXyxYxYx, YYXyXyXYXXXXXXX) -> (YYYXyyXyx, YYxyxyxxxxxxxxyx) -> (YYYXyyXyx, YYXXXXXXXXYXyyX) -> (YYYXyyXyx, YYYXXXXXXXXyyX)","null","37","105","single_queue_standard_and_auto_cov_every_pop","total_length","3903826","YXXYxYxx","YYYYYYYYXyyyyyyyx","false","false","false","false","","0","0.5199727117972279","69216375","133115399","22","25","1000000","1000000","3903826","node_budget_exhausted","1000000"
"0","0","0","full","0","0","0","standard_gs_sub_plus_auto_cov_every_pop_compact_cpp","null","null","","","(YXyxxyXX, YYYYYYYYXyyyyyyyx)","total_length","0","0","0","0","0","0","0","0","0","0","0","0","0","0","0","","","0","0","auto_cov","1253.406","24","3","true","5183803","1000000","22","(YYxyxYXyxyX, YXyXXXXXXXyXX)","24","null","null","5000070","18","45000551","0","25_4","5000000","0","null","1000000","deepest","(YXyxxyXX, YYYYYYYYXyyyyyyyx) -> (YXyxxyXX, YYYYYYYXyyyyyyyXYXyxx) -> (YXyxxyXX, YYYYYYYxyyyyyyXXYxxyx) -> (YXyxxyXX, YYYYYYYxyyyyyXXYxxxyx) -> (YXyxxyXX, YYYYYYYxyyyyXXYxxxxyx) -> (YXyxxyXX, YYYYYYYxyyyXXYxxxxxyx) -> (YXyxxyXX, YYYYYYYxyyXXYxxxxxxyx) -> (YXyxxyXX, YYYYYYYxyXXYxxxxxxxyx) -> (YXyxxyXX, YYYYYYYXYxxxxxxxxyx) -> (YXyxxyXX, YYYYYYYXYxxxxxxYxyxxx) -> (YXyxxyXX, YYYYYYXYxxxxxxYxyxYXyxx) -> (YXyxxyXX, YYYYYXYxxxxxxYxyxYXXyxx) -> (YXyxxyXX, YYYYXYxxxxxxYxyxYXXXyxx) -> (YXyxxyXX, YYYXYxxxxxxYxyxYXXXXyxx) -> (YXyxxyXX, YYXYxxxxxxYxyxYXXXXXyxx) -> (YXyxxyXX, YXYxxxxxxYxyxYXXXXXXyxx) -> (YXyxxyXX, YXyXXXXXXyXYxxxxxxxyX) -> (YXyxxyXX, YXXXXXXXyxYxxxxxxxxyX) -> (YYxyxx, YXXXXXXXyxYxxxxxxxxyX) -> (YYxyxx, YXyxxxxxxxxyXYXXXXXXXyX) -> (YXyXXXXXXyXX, YXyxxyXYXXXXXXXyX) -> (YXyXXXXXXyXX, YXYxyxYXyxxyX) -> (YYxyxYXyxyX, YXyXXXXXXXyXX)","null","22","106","single_queue_standard_and_auto_cov_every_pop","total_length","4183803","YXyxxyXX","YYYYYYYYXyyyyyyyx","false","false","false","false","","0","0.46863050779336346","44391665","94726366","19","25","1000000","1000000","4183803","node_budget_exhausted","1000000"
"0","0","0","full","0","0","0","standard_gs_sub_plus_auto_cov_every_pop_compact_cpp","null","null","","","(YXXYxxyx, YYYYYYYYXyyyyyyyx)","total_length","0","0","0","0","0","0","0","0","0","0","0","0","0","0","0","","","0","0","auto_cov","1280.79","24","4","true","5307886","1000000","25","(YYxyXyXYXyx, YXXyxxxxxxxyX)","24","null","null","5000087","18","45000502","0","25_5","5000000","0","null","1000000","deepest","(YXXYxxyx, YYYYYYYYXyyyyyyyx) -> (YXXYxxyx, YYYYYYYYxyxYXXyyyyyyx) -> (YXXYxxyx, YYYYYYYYxyxxYXXyyyyyx) -> (YXXYxxyx, YYYYYYYYxyxxxYXXyyyyx) -> (YXXYxxyx, YYYYYYYYxyxxxxYXXyyyx) -> (YXXYxxyx, YYYYYYYYxyxxxxxYXXyyx) -> (YXXYxxyx, YYYYYYYYxyxxxxxxYXXyx) -> (YXXYxxyx, YYYYYYYYxyxxxxxxxYX) -> (YXXYxxyx, YYYYYYYYxxxyxYxxxxxYX) -> (YXXYxxyx, YYYYYYYxxyXYxyxYxxxxxYX) -> (YXXYxxyx, YYYYYYxxyXXYxyxYxxxxxYX) -> (YXXYxxyx, YYYYYYxxyXXYXyxxxxxxxYX) -> (YXXYxxyx, YYYYYxxyXXXYXyxxxxxxxYX) -> (YXXYxxyx, YYYYxxyXXXXYXyxxxxxxxYX) -> (YXXYxxyx, YYYYxxyXXXXYxyxYxxxxxYX) -> (YXXYxxyx, YYYxxyXXXXXYxyxYxxxxxYX) -> (YXXYxxyx, YYxxyXXXXXXYxyxYxxxxxYX) -> (YXXYxxyx, YYxxyXXXXXXYXyxxxxxxxYX) -> (YXYxxyx, YYxYxxyXXXXXXYXyxxxxxxx) -> (YXYxxyx, YYxxyXXXXXXXYXyxxxxxxx) -> (YXYxxyx, YXyXXXXXXXYxyxxxxxxxx) -> (YYxxyx, YXyXXXXXXXYxyxxxxxxxx) -> (YYxxyx, YXyXXXXXXXyXYXyxxxxxxxx) -> (YXXYxxyx, YXyXXXXXyXYXyxxxxxxxx) -> (YXXYxxyx, YXyXXXXXyXYxyxYxxxxxx) -> (YYxyXyXYXyx, YXXyxxxxxxxyX)","null","25","107","single_queue_standard_and_auto_cov_every_pop","total_length","4307886","YXXYxxyx","YYYYYYYYXyyyyyyyx","false","false","false","false","","0","0.46940049927657085","44542585","94892496","21","25","1000000","1000000","4307886","node_budget_exhausted","1000000"
"0","0","0","full","0","0","0","standard_gs_sub_plus_auto_cov_every_pop_compact_cpp","null","null","","","(YXyXXyxx, YYYYYYYYXyyyyyyyx)","total_length","0","0","0","0","0","0","0","0","0","0","0","0","0","0","0","","","0","0","auto_cov","4317.451","24","2","true","4833204","1000000","21","(YYxyxYXyxyX, YXyXXXXXXXyxx)","24","null","null","5000057","18","45000398","0","25_6","5000000","0","null","1000000","deepest","(YXyXXyxx, YYYYYYYYXyyyyyyyx) -> (YXyXXyxx, YYYYYYYYXyyyyyyxxYxyX) -> (YXyXXyxx, YYYYYYYYXyyyyyxxYxxyX) -> (YXyXXyxx, YYYYYYYYXyyyyxxYxxxyX) -> (YXyXXyxx, YYYYYYYYXyyyxxYxxxxyX) -> (YXyXXyxx, YYYYYYYYXyyxxYxxxxxyX) -> (YXyXXyxx, YYYYYYYYXyxxYxxxxxxyX) -> (YXyXXyxx, YYYYYYYYxYxxxxxxxyX) -> (YXyXXyxx, YYYYYYYYxxxYXyxxxxxyX) -> (YXyXXyxx, YYYYYYYYxxxYxYxyxxxyX) -> (YXyXXyxx, YYYYYYYxxYXyxYxYxyxxxyX) -> (YXyXXyxx, YYYYYYxxYXXyxYxYxyxxxyX) -> (YXyXXyxx, YYYYYxxYXXXyxYxYxyxxxyX) -> (YXyXXyxx, YYYYxxYXXXXyxYxYxyxxxyX) -> (YXyXXyxx, YYYxxYXXXXXyxYxYxyxxxyX) -> (YXyXXyxx, YYxxYXXXXXXyxYxYxyxxxyX) -> (YXyXyxx, YYxyxxxxyXYXYxYXXXXXXyx) -> (YXyXyxx, YYxyxxxxyXYxYXXXXXXXyx) -> (YXyXyxx, YYxyxxxxyxYXXXXXXXXyx) -> (YXyXyxx, YXyxxxxxxyxYXXXXXXXXyx) -> (YXyXXXXXXXyxx, YYxyXYxxxxxxxxyX) -> (YYxyxYXyxyX, YXyXXXXXXXyxx)","null","21","108","single_queue_standard_and_auto_cov_every_pop","total_length","3833204","YXyXXyxx","YYYYYYYYXyyyyyyyx","false","false","false","false","","0","0.4657802228409485","44008310","94482994","19","25","1000000","1000000","3833204","node_budget_exhausted","1000000"
"0","0","0","full","0","0","0","standard_gs_sub_plus_auto_cov_every_pop_compact_cpp","null","null","","","(YXXyXyxx, YYYYYYYYXyyyyyyyx)","total_length","0","0","0","0","0","0","0","0","0","0","0","0","0","0","0","","","0","0","auto_cov","1463.268","24","27","true","5556443","1000000","57","(YXyXXYxxx, YYYYYYYYxxxyXX)","23","null","null","5000078","27","67501207","0","25_7","5000000","0","null","1000000","deepest","(YXXyXyxx, YYYYYYYYXyyyyyyyx) -> (YXYXXyxyx, YYYYYYYYXyyyyyyyx) -> (YXYXXyxyx, YYYYYYYXyyyyyyXYxxyx) -> (YXYXXyxyx, YYYYYYXyyyyyyXYxYxxyx) -> (YXYXXyxyx, YYYYYYxyyyyyXYXXyXyXyx) -> (YXYXXyxyx, YYYYYYxyyyyXYXXyXyXyXyx) -> (YXYXXyxyx, YYYYYYxyyyXYXXyXyXyXyXyx) -> (YYXYXyxyyxYX, YYYYYxyyyXYYXYXXXXXyx) -> (YYXYXyxyyxYX, YYYYYxyyXYYXYXXXXXXyx) -> (YYXYXyxyyxYX, YYYYYxyXYYXYXXXXXXXyx) -> (YYXYXyxyyxYX, YYYYYYYXYXXXXXXXXyx) -> (YXYXXyxyx, YYYYYYYXXyXyXyXyXyXyXyXyx) -> (YXXYXXyxxyx, YYYYYYYYxxyxyxyxyxyxyxyX) -> (YXyXXyXyxYxx, YYYYYYYYxYxxxxxxxyX) -> (YYxYxyXyX, YYxxxxxxxyXYXYXYXYXYXYXYX) -> (YYxYYxyXyyX, YYxYxYxYxYxYxYxyXXXXXXXX) -> (YYXYxyyxyXYX, YYYYYYYxyXXXXXXXXYX) -> (YXYXyxyxx, YYYYYYYxyXyXyXyXyXyXyXyXX) -> (YXyxxyxxYXX, YYYYYYYYXyxyxyxyxyxyxyxx) -> (YXyXXyxYxxYx, YYYYYYYYXyxxxxxxxYx) -> (YXyXXyxYxxYx, YYYYYYYXyxxxxxyXYxxYx) -> (YXyXXyxYxxYx, YYYYYYXyxxxxxyXXYxxYx) -> (YXyXXyxYxxYx, YYYYYXyxxxxxyXXXYxxYx) -> (YXyXXyxYxxYx, YYYYXyxxxxxyXXXXYxxYx) -> (YYXyXyxYx, YYXYXYXYXyxxxxxxyXXXXYx) -> (YYXyXyxYx, YYXYXYXyxxxxxxyXXXXXYx) -> (YYXyXyxYx, YYXYXyxxxxxxyXXXXXXYx) -> (YYXyXyxYx, YYXyxxxxxxyXXXXXXXYx) -> (YXXXXXXXyxxxxxxxx, YYXyxxxxxxyXXXXXXXYx) -> (YXXXXXXXyxxxxxxxx, YYXyxxxxxxyxYXXXXXX) -> (YYxyXXXXXXyyX, YXXXXXXXyxxxxxxxx) -> (YYxyXXXXXXyyX, YYXXYxxxxxxyyx) -> (YYYXyyxYxxyyX, YYxyXXXXXXyyX) -> (YYYYXyyxxyxyyX, YYxyXYXYXYXYXYXyX) -> (YYYYYXyXYxYxyX, YYXYxYxyXyXyXyxYx) -> (YYYYYYXXYxxyX, YYXYxxyXXXyxx) -> (YYxxyXXXXyxxYx, YXYxxyXYxYxYxYxYx) -> (YXYXyxyXXXXXyx, YXYXYXyxyxxYxyxyX) -> (YYYXyyxxYxyyX, YYXyyXXXXXXyx) -> (YYYYXyyxyxxyyX, YYXyXYXYXYXYXYXyx) -> (YYYYYXyxYxYXyX, YYxYxyXyXyXyxYxYX) -> (YYYYYYXyxxYXX, YYxxyXXXyxxYX) -> (YYYYYYXyxxYXX, YYYYYYxxYXXyyX) -> (YYYYYYXyxxYXX, YYYYYYYYXyyyyyyyx) -> (YYYYYYYYXyyyyyyyx, YYYYYYxYXyyyyyyXXyx) -> (YYYYYYYYXyyyyyyyx, YYYYYYxyyxYXyyyyyyXX) -> (YYYYYYYYXyyyyyyyx, YYYYYYYXYYXyyyyyyxxyx) -> (YYYYYYYYXyyyyyyyx, YYYYYYYXYXyyyyyyxYxx) -> (YYYYYYYYXyyyyyyyx, YYYYYYYXYXYxyyyyyyyxx) -> (YYYYYYYYXyyyyyyyx, YYYYYYYXXYxyyyyyyxYx) -> (YYYYYYYYXyyyyyyyx, YYYYYYYXYxyyyyyyxYxyX) -> (YYYYYYYxyXYXYxx, YYYYYYYYXyyyyyyyx) -> (YYYYYYYXYXYxxx, YYYYYYYxyXYXYxx) -> (YXYXyxyxxyX, YYYYYYYXYXYxxx) -> (YXyXXYxxx, YYYYYYYXXYxYxYx) -> (YXyXXYxxx, YYYYYYYYxyXXYxYx) -> (YXyXXYxxx, YYYYYYYYxxyXXYx) -> (YXyXXYxxx, YYYYYYYYxxxyXX)","null","57","109","single_queue_standard_and_auto_cov_every_pop","total_length","4556443","YXXyXyxx","YYYYYYYYXyyyyyyyx","false","false","false","false","","0","0.5280014221354021","69722224","132049311","30","25","1000000","1000000","4556443","node_budget_exhausted","1000000"
"0","0","0","full","0","0","0","standard_gs_sub_plus_auto_cov_every_pop_compact_cpp","null","null","","","(YXyxxYXX, YYYYYYYYXyyyyyyyx)","total_length","0","0","0","0","0","0","0","0","0","0","0","0","0","0","0","","","0","0","auto_cov","1138.993","24","1","true","4968959","1000000","20","(YYXyxYxyXyX, YXyxxYXXXXXXX)","24","null","null","5000057","18","45000453","0","25_8","5000000","0","null","1000000","deepest","(YXyxxYXX, YYYYYYYYXyyyyyyyx) -> (YXyxxYXX, YYYYYYYXYXyxxyyyyyyyX) -> (YXyxxYXX, YYYYYYYXYXXyxxyyyyyyX) -> (YXyxxYXX, YYYYYYYXYXXXyxxyyyyyX) -> (YXyxxYXX, YYYYYYYXYXXXXyxxyyyyX) -> (YXyxxYXX, YYYYYYYXYXXXXXyxxyyyX) -> (YXyxxYXX, YYYYYYYXYXXXXXXyxxyyX) -> (YXyxxYXX, YYYYYYYXYXXXXXXXyxxyX) -> (YXyxxYXX, YYYYYYYXYXXXXXXXXyx) -> (YXyxxYXX, YYYYYYYXXXYxyXXXXXXyx) -> (YXyxxYXX, YYYYYYYXXXYXYXyXXXXyx) -> (YXyxxYXX, YYYYYYXXYxyXYXYXyXXXXyx) -> (YXyxxYXX, YYYYYXXYxxyXYXYXyXXXXyx) -> (YXyxxYXX, YYYYYXXYYXyxYXYXyXXXXyx) -> (YXyxxYXX, YYYYXXYxYXyxYXYXyXXXXyx) -> (YXyxxYXX, YYYXXYxxYXyxYXYXyXXXXyx) -> (YXyxxYXX, YYXXYxxxYXyxYXYXyXXXXyx) -> (YXyxxYXX, YXYXyXXXXyxYXXYxxxxYXyx) -> (YXyxxYXX, YXYXyXXXXyXYxxxxxYXyx) -> (YXyxxYXX, YXyXYxyXXXXXyxYxxxxxx) -> (YYXyxYxyXyX, YXyxxYXXXXXXX)","null","20","110","single_queue_standard_and_auto_cov_every_pop","total_length","3968959","YXyxxYXX","YYYYYYYYXyyyyyyyx","false","false","false","false","","0","0.4672133405493308","44080541","94347779","19","25","1000000","1000000","3968959","node_budget_exhausted","1000000"
"0","0","0","full","0","0","0","standard_gs_sub_plus_auto_cov_every_pop_compact_cpp","null","null","","","(YXYXXyxx, YYYYYYYYXyyyyyyyx)","total_length","0","0","0","0","0","0","0","0","0","0","0","0","0","0","0","","","0","0","auto_cov","1464.674","24","30","true","4360906","1000000","68","(YXyxxxyXX, YYYYYYYXXYxxx)","22","null","null","5000099","27","67501097","0","25_9","5000000","0","null","1000000","deepest","(YXYXXyxx, YYYYYYYYXyyyyyyyx) -> (YXXyXyxYx, YYYYYYYYXyyyyyyyx) -> (YXXyXyxYx, YYYYYYYXyyyyyyxYxxyX) -> (YXXyXyxYx, YYYYYYYXyyyyyxYxxyxyX) -> (YXXyXyxYx, YYYYYYYXyyyyxYxxyxyxyX) -> (YXXyXyxYx, YYYYYYYXyyyxYxxyxyxyxyX) -> (YXXyXyxYx, YYYYYYYXyyxYxxyxyxyxyxyX) -> (YYxYXyXyyXyx, YYYYYYXyyxYYxYxxxxxyX) -> (YYxYXyXyyXyx, YYYYYYXyxYYxYxxxxxxyX) -> (YYxYXyXyyXyx, YYYYYYYYxYxxxxxxxyX) -> (YXXyXyxYx, YYYYYYYYxxyxyxyxyxyxyxyX) -> (YXXyXXyxYxx, YYYYYYYXXyXyXyXyXyXyXyXyx) -> (YXYXXYXyxxyx, YYYYYYYXYXXXXXXXXyx) -> (YYXYXyxyx, YYXXXXXXXXyxYxYxYxYxYxYx) -> (YYXYYXyxyyx, YYXYXYXYXYXYXYXYXyxxxxxxx) -> (YYxYXyyXyxYx, YYYYYYYYXyxxxxxxxYx) -> (YXyXyxxYx, YYYYYYYYXyxyxyxyxyxyxyxx) -> (YXyXXyxxYxx, YYYYYYYxyXyXyXyXyXyXyXyXX) -> (YXYxyxxyXYXX, YYYYYYYxyXXXXXXXXYX) -> (YXYxyxxyXYXX, YYYYYYxyXXXXXXyxYXXYX) -> (YXYxyxxyXYXX, YYYYYxyXXXXXXyxxYXXYX) -> (YXYxyxxyXYXX, YYYYxyXXXXXXyxxxYXXYX) -> (YYxyxyXYX, YYxYxYxYxyXXXXXXXyxxxYX) -> (YYxyxyXYX, YYxYxYxyXXXXXXXyxxxxYX) -> (YYxyxyXYX, YYxYxyXXXXXXXyxxxxxYX) -> (YYxyxyXYX, YYxyXXXXXXXyxxxxxxYX) -> (YXXXXXXXXyxxxxxxx, YYxyXXXXXXXyxxxxxxYX) -> (YXXXXXXXXyxxxxxxx, YYXXXXXXXyyxxxxxxYX) -> (YXXXXXXXXyxxxxxxx, YYXyxxxxxxxyxyXXXXXX) -> (YXXXXXXXXyxxxxxxx, YYXXXXXXYxyXyxxxxxx) -> (YXXXXXXXXyxxxxxxx, YYXXXXXXYxyxxxxxxxyX) -> (YYxyxyXYxxxxxx, YXXXXXXXXyxxxxxxx) -> (YYxyxyXYxxxxxx, YYxyxyxxxxxxYXX) -> (YYxyxyXYxxxxxx, YYXYXyyxxYxyxyX) -> (YYXyXyXXXXXXXyx, YYXyXyxxYxyyXYx) -> (YYXyXyXXXXXXXyx, YYXyXXXXXXXXXyyx) -> (YYYxyyXYXXyyx, YYXyXyXXXXXXXyx) -> (YYxyxyXYxxxxxx, YXYXYxyxyXYXXyxyx) -> (YXXYxxyXXyXyxx, YYYxxyXYxYxYxYxYxYx) -> (YYxYXXyxxxyXX, YYYYYYYXYXYxxyX) -> (YYYYYYYXYXYxxyX, YYYYYYYYYXYxxyXX) -> (YYYYYYYXYXYxxyX, YYXYxxyXYXXyxyx) -> (YYYYYYXyXYXYxx, YYXYxxyXYXXyxyx) -> (YYYYYYXyyXXYxYx, YYXYxYxyXXyXyxx) -> (YYxYXyyxxyxyXX, YYYXYXYXYXYXYXyxyXX) -> (YYXXXXXXyxyXyX, YYxYXyyxYxxyXyX) -> (YYXXXXXXyxyXyX, YYxyXXXXXXXyXyX) -> (YYxxxxxxYXyxyx, YYXXYxxxxxxyxyx) -> (YYxxxxxxYXyxyx, YYXyxyxYxxyyXYX) -> (YYxxxxxxYXyxyx, YXYXyxyxYxxxxxxxx) -> (YYxxxxxxYXyxyx, YXYXYxyxyXXYXyxyx) -> (YXXYxxyXyXXyxx, YYYxYxYxYxYxYxYXyxx) -> (YYXXyxxxyXXYx, YYYYYYYXyxxYXYX) -> (YYYYYYYXyxxYXYX, YYYYYYYYYXXyxxYX) -> (YYYYYYYXyxxYXYX, YYxyxyXXYXyxxYX) -> (YYYYYYxxYXYXyX, YYYYYYYXyxxYXYX) -> (YYYYYYXyxYxYXX, YYYYYYxYxYXXyyX) -> (YYYYYYXyxYxYXX, YYYYYYYYXyyyyyyyx) -> (YYYYYYYYXyyyyyyyx, YYYYYYxYXyyyyyXYXyx) -> (YYYYYYYYXyyyyyyyx, YYYYYYxyyxYXyyyyyXYX) -> (YYYYYYYYXyyyyyyyx, YYYYYYxyXYXyyyyyyxx) -> (YYYYYYYYXyyyyyyyx, YYYYYYYXYXyyyyyyxxyx) -> (YYYYYYYYXyyyyyyyx, YYYYYYYXXyyyyyyxYxx) -> (YYYYYYYYXyyyyyyyx, YYYYYYYXyxxyyyyyyyXX) -> (YYYYYYYYXyyyyyyyx, YYYYYYYXYxyyyyyyyxxyX) -> (YYYYYYxyXYXYxyx, YYYYYYYYXyyyyyyyx) -> (YYYYYYxyXYXYxyx, YYYYYYYXYXYxyxyx) -> (YYYYYYYXXYxxx, YYYYYYYxyXXYxx) -> (YXyxxxyXX, YYYYYYYXXYxxx)","null","68","111","single_queue_standard_and_auto_cov_every_pop","total_length","3360906","YXYXXyxx","YYYYYYYYXyyyyyyyx","false","false","false","false","","0","0.5232563025258425","68219598","130375110","38","25","1000000","1000000","3360906","node_budget_exhausted","1000000"
"0","0","0","full","0","0","0","standard_gs_sub_plus_auto_cov_every_pop_compact_cpp","null","null","","","(YYXXXyxx, YYYYYYYXXyXyXyXyx)","total_length","0","0","0","0","0","0","0","0","0","0","0","0","0","0","0","","","0","0","auto_cov","1424.259","24","1","true","4458427","1000000","4","(YXYXXXyxx, YYYYXyyyxxxyX)","22","null","null","5000067","26","65000941","0","25_10","5000000","0","null","1000000","deepest","(YYXXXyxx, YYYYYYYXXyXyXyXyx) -> (YYXXXyxx, YYYYYXXYxyXyXyXyx) -> (YYXXXyxx, YYYXXYxYxyXyXyXyx) -> (YYXXXyxx, YXyXyXyxxyXYxYxYx) -> (YXYXXXyxx, YYYYXyyyxxxyX)","null","4","112","single_queue_standard_and_auto_cov_every_pop","total_length","3458427","YYXXXyxx","YYYYYYYXXyXyXyXyx","false","false","false","false","","0","0.512874613902769","65931959","128553758","3","25","1000000","1000000","3458427","node_budget_exhausted","1000000"
"0","0","0","full","0","0","0","standard_gs_sub_plus_auto_cov_every_pop_compact_cpp","null","null","","","(YXYXYxxx, YYYYYYYYXyyyyyyyx)","total_length","0","0","0","0","0","0","0","0","0","0","0","0","0","0","0","","","0","0","auto_cov","1240.439","24","0","true","4750273","1000000","0","(YXYXYxxx, YYYYYYYYXyyyyyyyx)","25","null","null","5000091","30","75001223","0","25_11","5000000","0","null","1000000","deepest","(YXYXYxxx, YYYYYYYYXyyyyyyyx)","null","0","113","single_queue_standard_and_auto_cov_every_pop","total_length","3750273","YXYXYxxx","YYYYYYYYXyyyyyyyx","false","false","false","false","","0","0.618078117121347","77329359","125112598","0","25","1000000","1000000","3750273","node_budget_exhausted","1000000"
"0","0","0","full","0","0","0","standard_gs_sub_plus_auto_cov_every_pop_compact_cpp","null","null","","","(YXYxxxyX, YYYYYYYYXyyyyyyyx)","total_length","0","0","0","0","0","0","0","0","0","0","0","0","0","0","0","","","0","0","auto_cov","1067.174","24","0","true","4590102","1000000","0","(YXYxxxyX, YYYYYYYYXyyyyyyyx)","25","null","null","5000080","26","65000849","0","25_12","5000000","0","null","1000000","deepest","(YXYxxxyX, YYYYYYYYXyyyyyyyx)","null","0","114","single_queue_standard_and_auto_cov_every_pop","total_length","3590102","YXYxxxyX","YYYYYYYYXyyyyyyyx","false","false","false","false","","0","0.5391690533644354","67860243","125860790","0","25","1000000","1000000","3590102","node_budget_exhausted","1000000"
"0","0","0","full","0","0","0","standard_gs_sub_plus_auto_cov_every_pop_compact_cpp","null","null","","","(YXyXYxxx, YYYYYYYYXyyyyyyyx)","total_length","0","0","0","0","0","0","0","0","0","0","0","0","0","0","0","","","0","0","auto_cov","2957.717","24","0","true","5562166","1000000","0","(YXyXYxxx, YYYYYYYYXyyyyyyyx)","25","null","null","5000080","26","65001056","0","25_13","5000000","0","null","1000000","deepest","(YXyXYxxx, YYYYYYYYXyyyyyyyx)","null","0","115","single_queue_standard_and_auto_cov_every_pop","total_length","4562166","YXyXYxxx","YYYYYYYYXyyyyyyyx","false","false","false","false","","0","0.5496770388909629","68593233","124788245","0","25","1000000","1000000","4562166","node_budget_exhausted","1000000"
"0","0","0","full","0","0","0","standard_gs_sub_plus_auto_cov_every_pop_compact_cpp","null","null","","","(YXXXyxYx, YYYYYYYYXyyyyyyyx)","total_length","0","0","0","0","0","0","0","0","0","0","0","0","0","0","0","","","0","0","auto_cov","1482.081","24","0","true","4345441","1000000","0","(YXXXyxYx, YYYYYYYYXyyyyyyyx)","25","null","null","5000089","25","62500850","0","25_14","5000000","0","null","1000000","deepest","(YXXXyxYx, YYYYYYYYXyyyyyyyx)","null","0","116","single_queue_standard_and_auto_cov_every_pop","total_length","3345441","YXXXyxYx","YYYYYYYYXyyyyyyyx","false","false","false","false","","0","0.5283001908294782","65092697","123211572","0","25","1000000","1000000","3345441","node_budget_exhausted","1000000"
"0","0","0","full","0","0","0","standard_gs_sub_plus_auto_cov_every_pop_compact_cpp","null","null","","","(YYxxxYXX, YYYYYYYYXyyyyyyyx)","total_length","0","0","0","0","0","0","0","0","0","0","0","0","0","0","0","","","0","0","auto_cov","1418.368","24","1","true","4494625","1000000","12","(YXYxxYXXX, YYYYXyyXXXYxxyx)","24","null","null","5000081","25","62500874","0","25_15","5000000","0","null","1000000","deepest","(YYxxxYXX, YYYYYYYYXyyyyyyyx) -> (YYxxxYXX, YYYYYYYYxxYXXyyyyyx) -> (YYxxxYXX, YYYYYYYYxxYxYXXyyyx) -> (YYxxxYXX, YYYYYYYYxxYxYxYXXyx) -> (YYxxxYXX, YYYYYYxxyXYxYxYXXyx) -> (YYxxxYXX, YYYYxxyXyXYxYxYXXyx) -> (YYxxxYXX, YYYYxxyXyXYxYXXyyyx) -> (YYxxxYXX, YYYYYxxyxYxYXXyyyyX) -> (YYxxxYXX, YYYYYxxyxYxYxYXXyyX) -> (YYxxxYXX, YYYYYxxyxYxYxYxYXXX) -> (YYxxxYXX, YYYxxyxYxYxYxYXyXXX) -> (YYxxxYXX, YXyXyXXXYxxyxYxYxYx) -> (YXYxxYXXX, YYYYXyyXXXYxxyx)","null","12","117","single_queue_standard_and_auto_cov_every_pop","total_length","3494625","YYxxxYXX","YYYYYYYYXyyyyyyyx","false","false","false","false","","0","0.5037872892525888","63770782","126582753","11","25","1000000","1000000","3494625","node_budget_exhausted","1000000"
"0","0","0","full","0","0","0","standard_gs_sub_plus_auto_cov_every_pop_compact_cpp","null","null","","","(YYxxxyXX, YYYYYYYYXyyyyyyyx)","total_length","0","0","0","0","0","0","0","0","0","0","0","0","0","0","0","","","0","0","auto_cov","1427.027","24","1","true","4580641","1000000","12","(YXXXyXyxx, YYYYXyXXXyxxyyx)","24","null","null","5000066","25","62500854","0","25_16","5000000","0","null","1000000","deepest","(YYxxxyXX, YYYYYYYYXyyyyyyyx) -> (YYxxxyXX, YYYYYYYYxxyXXyyyyyx) -> (YYxxxyXX, YYYYYYYYxxyxyXXyyyx) -> (YYxxxyXX, YYYYYYYYxxyxyxyXXyx) -> (YYxxxyXX, YYYYYYxxYXyxyxyXXyx) -> (YYxxxyXX, YYYYxxYXYXyxyxyXXyx) -> (YYxxxyXX, YYYYxxYXYXyxyXXyyyx) -> (YYxxxyXX, YYYYYxxYxyxyXXyyyyX) -> (YYxxxyXX, YYYYYxxYxyxyxyXXyyX) -> (YYxxxyXX, YYYYYxxYxyxyxyxyXXX) -> (YYxxxyXX, YYYxxYxyxyxyxyXYXXX) -> (YYxxxyXX, YXYXYXYXyXXyxxxyxyx) -> (YXXXyXyxx, YYYYXyXXXyxxyyx)","null","12","118","single_queue_standard_and_auto_cov_every_pop","total_length","3580641","YYxxxyXX","YYYYYYYYXyyyyyyyx","false","false","false","false","","0","0.5022322229180416","63823471","127079602","11","25","1000000","1000000","3580641","node_budget_exhausted","1000000"
"0","0","0","full","0","0","0","standard_gs_sub_plus_auto_cov_every_pop_compact_cpp","null","null","","","(YYYXXyyxx, YYYYYXyyXyyx)","total_length","0","0","0","0","0","0","0","0","0","0","0","0","0","0","0","","","0","0","auto_cov","1440.241","24","0","true","3778862","1000000","0","(YYYXXyyxx, YYYYYXyyXyyx)","21","null","null","5000091","27","67501000","0","21_39","5000000","0","null","1000000","deepest","(YYYXXyyxx, YYYYYXyyXyyx)","null","0","119","single_queue_standard_and_auto_cov_every_pop","total_length","2778862","YYYXXyyxx","YYYYYXyyXyyx","false","false","false","false","","0","0.45898399087194625","66082042","143974612","0","21","1000000","1000000","2778862","node_budget_exhausted","1000000"
"0","0","0","full","0","0","0","standard_gs_sub_plus_auto_cov_every_pop_compact_cpp","null","null","","","(YYXyyxxYX, YYYYYxyXyX)","total_length","0","0","0","0","0","0","0","0","0","0","0","0","0","0","0","","","0","0","auto_cov","1343.094","24","0","true","4517527","1000000","0","(YYXyyxxYX, YYYYYxyXyX)","19","null","null","5000082","27","67500985","0","19_43","5000000","0","null","1000000","deepest","(YYXyyxxYX, YYYYYxyXyX)","null","0","120","single_queue_standard_and_auto_cov_every_pop","total_length","3517527","YYXyyxxYX","YYYYYxyXyX","false","false","false","false","","0","0.4870029196081225","63547399","130486690","0","19","1000000","1000000","3517527","node_budget_exhausted","1000000"
"0","0","0","full","0","0","0","standard_gs_sub_plus_auto_cov_every_pop_compact_cpp","null","null","","","(YYYXXyyx, YYYxyyXXYXX)","total_length","0","0","0","0","0","0","0","0","0","0","0","0","0","0","0","","","0","0","auto_cov","1386.938","24","0","true","3653545","1000000","0","(YYYXXyyx, YYYxyyXXYXX)","19","null","null","5000154","31","77501588","0","19_44","5000000","0","null","1000000","deepest","(YYYXXyyx, YYYxyyXXYXX)","null","0","121","single_queue_standard_and_auto_cov_every_pop","total_length","2653545","YYYXXyyx","YYYxyyXXYXX","false","false","false","false","","0","0.499574976210857","74101041","148328168","0","19","1000000","1000000","2653545","node_budget_exhausted","1000000"
"0","0","0","full","0","0","0","standard_gs_sub_plus_auto_cov_every_pop_compact_cpp","null","null","","","(YYYYxyyXyX, YYXYXyXYxyx)","total_length","0","0","0","0","0","0","0","0","0","0","0","0","0","0","0","","","0","0","auto_cov","1458.004","24","0","true","4554881","1000000","0","(YYYYxyyXyX, YYXYXyXYxyx)","21","null","null","5000083","27","67500957","0","21_40","5000000","0","null","1000000","deepest","(YYYYxyyXyX, YYXYXyXYxyx)","null","0","122","single_queue_standard_and_auto_cov_every_pop","total_length","3554881","YYYYxyyXyX","YYXYXyXYxyx","false","false","false","false","","0","0.458149576506589","66587749","145340632","0","21","1000000","1000000","3554881","node_budget_exhausted","1000000"
"0","0","0","full","0","0","0","standard_gs_sub_plus_auto_cov_every_pop_compact_cpp","null","null","","","(YYYxxyyX, YYYYXyxxYxx)","total_length","0","0","0","0","0","0","0","0","0","0","0","0","0","0","0","","","0","0","auto_cov","1444.277","24","0","true","4223215","1000000","0","(YYYxxyyX, YYYYXyxxYxx)","19","null","null","5000063","26","65000942","0","19_45","5000000","0","null","1000000","deepest","(YYYxxyyX, YYYYXyxxYxx)","null","0","123","single_queue_standard_and_auto_cov_every_pop","total_length","3223215","YYYxxyyX","YYYYXyxxYxx","false","false","false","false","","0","0.4618449687701438","63205838","136855097","0","19","1000000","1000000","3223215","node_budget_exhausted","1000000"